arm,family,case_id,group,decision,queries,query_budget,stop_reason,elapsed_seconds,lower,upper
A,exact_projection,image-00,singleton,supported,1,1,decision,0.001185416942462325,2/1,2/1
A,exact_projection,image-01,singleton,supported,1,1,decision,0.009070832980796695,3/1,3/1
A,exact_projection,image-02,singleton,supported,1,1,decision,0.0028495420701801777,2/1,2/1
A,exact_projection,image-03,singleton,excluded,1,1,decision,0.0011471658945083618,0/1,0/1
A,exact_projection,image-04,singleton,excluded,1,1,decision,0.0009229590650647879,0/1,0/1
A,exact_projection,image-05,singleton,excluded,1,1,decision,0.0009012499358505011,0/1,0/1
A,exact_projection,image-06,singleton,excluded,1,1,decision,0.0006209579296410084,0/1,0/1
A,exact_projection,image-07,singleton,supported,1,1,decision,0.0008349590934813023,1/1,1/1
A,exact_projection,image-08,singleton,excluded,1,1,decision,0.005794707918539643,0/1,0/1
A,exact_projection,image-09,singleton,excluded,1,1,decision,0.002409957814961672,-1/1,-1/1
A,exact_projection,image-10,singleton,supported,1,1,decision,0.0012431249488145113,2/1,2/1
A,exact_projection,image-11,singleton,supported,1,1,decision,0.003303542034700513,4/1,4/1
A,exact_projection,image-12,singleton,excluded,1,1,decision,0.0026798751205205917,-1/1,-1/1
A,exact_projection,image-13,singleton,supported,1,1,decision,0.009613458067178726,9/1,9/1
A,exact_projection,image-14,singleton,excluded,1,1,decision,0.002350917086005211,0/1,0/1
A,exact_projection,image-15,singleton,supported,1,1,decision,0.0034201249945908785,1/1,1/1
A,exact_projection,image-16,singleton,excluded,1,1,decision,0.0011957078240811825,-1/1,-1/1
A,exact_projection,image-17,singleton,excluded,1,1,decision,0.0009149590041488409,0/1,0/1
A,exact_projection,image-18,singleton,excluded,1,1,decision,0.0009794591460376978,0/1,0/1
A,exact_projection,image-19,singleton,supported,1,1,decision,0.0007516248151659966,2/1,2/1
A,exact_projection,image-20,singleton,excluded,1,1,decision,0.0008121251594275236,0/1,0/1
A,exact_projection,image-21,singleton,supported,1,1,decision,0.0020119589753448963,1/1,1/1
A,exact_projection,image-22,singleton,excluded,1,1,decision,0.003140582935884595,0/1,0/1
A,exact_projection,image-23,singleton,excluded,0,0,decision,2.7833040803670883e-05,0/1,0/1
A,exact_projection,image-24,singleton,excluded,1,1,decision,0.001505166059359908,0/1,0/1
A,exact_projection,image-25,singleton,excluded,1,1,decision,0.0020648338831961155,-1/1,-1/1
A,exact_projection,image-26,singleton,excluded,1,1,decision,0.007344542071223259,-3/1,-3/1
A,exact_projection,image-27,singleton,excluded,1,1,decision,0.0013089999556541443,-1/1,-1/1
A,exact_projection,image-28,singleton,supported,1,1,decision,0.0006394160445779562,2/1,2/1
A,exact_projection,image-29,singleton,supported,1,1,decision,0.0035704588517546654,1/1,1/1
A,exact_projection,image-30,singleton,excluded,1,1,decision,0.006058791885152459,0/1,0/1
A,exact_projection,image-31,singleton,supported,1,1,decision,0.001904333010315895,2/1,2/1
A,exact_projection,image-32,singleton,supported,1,1,decision,0.0010104591492563486,1/1,1/1
A,exact_projection,image-33,singleton,supported,1,1,decision,0.0026207079645246267,4/1,4/1
A,exact_projection,image-34,singleton,supported,1,1,decision,0.0024626250378787518,1/1,1/1
A,exact_projection,image-35,singleton,excluded,1,1,decision,0.0013882911298424006,0/1,0/1
A,exact_projection,image-36,singleton,supported,1,1,decision,0.0005903751589357853,1/1,1/1
A,exact_projection,image-37,singleton,excluded,1,1,decision,0.0005370830185711384,-1/1,-1/1
A,exact_projection,image-38,singleton,supported,1,1,decision,0.0013646248262375593,1/1,1/1
A,exact_projection,image-39,singleton,excluded,1,1,decision,0.0010475830640643835,-1/1,-1/1
A,exact_projection,image-40,singleton,excluded,1,1,decision,0.004026666982099414,0/1,0/1
A,exact_projection,image-41,singleton,supported,1,1,decision,0.0010835409630089998,1/1,1/1
A,exact_projection,image-42,singleton,excluded,0,0,decision,3.433297388255596e-05,0/1,0/1
A,exact_projection,image-43,singleton,excluded,1,1,decision,0.0010370418895035982,-1/1,-1/1
A,exact_projection,image-44,singleton,supported,1,1,decision,0.0008085418958216906,1/1,1/1
A,exact_projection,image-45,singleton,supported,1,1,decision,0.003255292074754834,1/1,1/1
A,exact_projection,image-46,singleton,excluded,1,1,decision,0.000584583031013608,-1/1,-1/1
A,exact_projection,image-47,singleton,excluded,0,0,decision,2.8582988306879997e-05,0/1,0/1
A,exact_projection,image-48,singleton,supported,1,1,decision,0.0015259170904755592,1/1,1/1
A,exact_projection,image-49,singleton,excluded,1,1,decision,0.0007547088898718357,0/1,0/1
A,exact_projection,image-50,singleton,supported,1,1,decision,0.0007225831504911184,2/1,2/1
A,exact_projection,image-51,singleton,excluded,1,1,decision,0.0008327080868184566,0/1,0/1
A,exact_projection,image-52,singleton,supported,1,1,decision,0.0012315830681473017,1/1,1/1
A,exact_projection,image-53,singleton,excluded,0,0,decision,2.7166912332177162e-05,0/1,0/1
A,exact_projection,image-54,singleton,excluded,1,1,decision,0.0012116250582039356,0/1,0/1
A,exact_projection,image-55,singleton,excluded,1,1,decision,0.0021931249648332596,-2/1,-2/1
A,exact_projection,image-56,singleton,excluded,1,1,decision,0.0013496249448508024,0/1,0/1
A,exact_projection,image-57,singleton,supported,1,1,decision,0.0020225830376148224,2/1,2/1
A,exact_projection,image-58,singleton,supported,1,1,decision,0.0010062078945338726,1/1,1/1
A,exact_projection,image-59,singleton,supported,1,1,decision,0.000943667022511363,1/1,1/1
A,exact_projection,image-60,singleton,excluded,1,1,decision,0.006011332850903273,-3/1,-3/1
A,exact_projection,image-61,singleton,supported,1,1,decision,0.0017999578267335892,1/1,1/1
A,exact_projection,image-62,singleton,supported,1,1,decision,0.003406166797503829,3/1,3/1
A,exact_projection,image-63,singleton,excluded,1,1,decision,0.001373582985252142,-1/1,-1/1
A,exact_projection,block-00,block,supported,6,8,decision,0.013454667059704661,1/2,3/2
A,exact_projection,block-01,block,supported,7,8,decision,0.02581329201348126,1/1,5/2
A,exact_projection,block-02,block,supported,7,7,decision,0.009318416938185692,1/4,1/4
A,exact_projection,block-03,block,excluded,7,8,decision,0.022792042000219226,-1/2,0/1
A,exact_projection,block-04,block,supported,6,8,decision,0.009348082821816206,1/4,5/4
A,exact_projection,block-05,block,supported,5,6,decision,0.008849707897752523,1/8,3/8
A,exact_projection,block-06,block,supported,7,7,decision,0.0060365828685462475,1/4,1/4
A,exact_projection,block-07,block,supported,8,8,decision,0.015719000017270446,1/2,1/2
A,exact_projection,all-64,primary,supported,46,60,decision,0.11183295818045735,3/64,63/64
A,one_edit_per_image,image-00,singleton,unresolved,1,1,instrument_exhausted,0.002876000013202429,0/1,4/1
A,one_edit_per_image,image-01,singleton,supported,1,1,decision,0.00976816681213677,1/1,7/1
A,one_edit_per_image,image-02,singleton,unresolved,1,1,instrument_exhausted,0.002841208130121231,0/1,6/1
A,one_edit_per_image,image-03,singleton,excluded,1,1,decision,0.001041583949699998,-2/1,0/1
A,one_edit_per_image,image-04,singleton,unresolved,1,1,instrument_exhausted,0.0010254590306431055,-2/1,2/1
A,one_edit_per_image,image-05,singleton,unresolved,1,1,instrument_exhausted,0.0008529168553650379,-2/1,2/1
A,one_edit_per_image,image-06,singleton,unresolved,1,1,instrument_exhausted,0.0005802500527352095,-2/1,2/1
A,one_edit_per_image,image-07,singleton,unresolved,1,1,instrument_exhausted,0.00077420799061656,-1/1,3/1
A,one_edit_per_image,image-08,singleton,unresolved,1,1,instrument_exhausted,0.006746166152879596,-4/1,4/1
A,one_edit_per_image,image-09,singleton,unresolved,1,1,instrument_exhausted,0.0026745421346277,-3/1,1/1
A,one_edit_per_image,image-10,singleton,unresolved,1,1,instrument_exhausted,0.0013210829347372055,0/1,4/1
A,one_edit_per_image,image-11,singleton,supported,1,1,decision,0.003496791934594512,2/1,6/1
A,one_edit_per_image,image-12,singleton,unresolved,1,1,instrument_exhausted,0.002211624989286065,-3/1,3/1
A,one_edit_per_image,image-13,singleton,supported,1,1,decision,0.011554874945431948,7/1,11/1
A,one_edit_per_image,image-14,singleton,unresolved,1,1,instrument_exhausted,0.0024847500026226044,-2/1,2/1
A,one_edit_per_image,image-15,singleton,unresolved,1,1,instrument_exhausted,0.003725874936208129,-1/1,3/1
A,one_edit_per_image,image-16,singleton,unresolved,1,1,instrument_exhausted,0.00111008295789361,-3/1,3/1
A,one_edit_per_image,image-17,singleton,unresolved,1,1,instrument_exhausted,0.0011529168114066124,-2/1,2/1
A,one_edit_per_image,image-18,singleton,unresolved,1,1,instrument_exhausted,0.001024874858558178,-2/1,2/1
A,one_edit_per_image,image-19,singleton,unresolved,1,1,instrument_exhausted,0.0007267498876899481,0/1,4/1
A,one_edit_per_image,image-20,singleton,unresolved,1,1,instrument_exhausted,0.0006917910650372505,-2/1,2/1
A,one_edit_per_image,image-21,singleton,unresolved,1,1,instrument_exhausted,0.0023655840195715427,-1/1,3/1
A,one_edit_per_image,image-22,singleton,unresolved,1,1,instrument_exhausted,0.0038931251037865877,-2/1,2/1
A,one_edit_per_image,image-23,singleton,excluded,0,0,decision,3.091711550951004e-05,0/1,0/1
A,one_edit_per_image,image-24,singleton,unresolved,1,1,instrument_exhausted,0.00140737509354949,-2/1,2/1
A,one_edit_per_image,image-25,singleton,unresolved,1,1,instrument_exhausted,0.002200457965955138,-3/1,1/1
A,one_edit_per_image,image-26,singleton,unresolved,1,1,instrument_exhausted,0.008559790905565023,-7/1,1/1
A,one_edit_per_image,image-27,singleton,unresolved,1,1,instrument_exhausted,0.0017028329893946648,-3/1,1/1
A,one_edit_per_image,image-28,singleton,unresolved,1,1,instrument_exhausted,0.0007823340129107237,-2/1,2/1
A,one_edit_per_image,image-29,singleton,unresolved,1,1,instrument_exhausted,0.004161458928138018,-1/1,5/1
A,one_edit_per_image,image-30,singleton,unresolved,1,1,instrument_exhausted,0.007120917085558176,-2/1,4/1
A,one_edit_per_image,image-31,singleton,unresolved,1,1,instrument_exhausted,0.0025100409984588623,0/1,4/1
A,one_edit_per_image,image-32,singleton,unresolved,1,1,instrument_exhausted,0.000954166054725647,-1/1,3/1
A,one_edit_per_image,image-33,singleton,supported,1,1,decision,0.0027160830795764923,2/1,6/1
A,one_edit_per_image,image-34,singleton,unresolved,1,1,instrument_exhausted,0.002718250034376979,-1/1,3/1
A,one_edit_per_image,image-35,singleton,unresolved,1,1,instrument_exhausted,0.0012758341617882252,-2/1,2/1
A,one_edit_per_image,image-36,singleton,unresolved,1,1,instrument_exhausted,0.0006303330883383751,-1/1,1/1
A,one_edit_per_image,image-37,singleton,unresolved,1,1,instrument_exhausted,0.0006023331079632044,-3/1,3/1
A,one_edit_per_image,image-38,singleton,unresolved,1,1,instrument_exhausted,0.0014360840432345867,-1/1,3/1
A,one_edit_per_image,image-39,singleton,unresolved,1,1,instrument_exhausted,0.00098958401940763,-3/1,1/1
A,one_edit_per_image,image-40,singleton,unresolved,1,1,instrument_exhausted,0.004189708037301898,-2/1,4/1
A,one_edit_per_image,image-41,singleton,unresolved,1,1,instrument_exhausted,0.0008916249498724937,-1/1,3/1
A,one_edit_per_image,image-42,singleton,excluded,0,0,decision,2.9833056032657623e-05,0/1,0/1
A,one_edit_per_image,image-43,singleton,unresolved,1,1,instrument_exhausted,0.0012677500490099192,-3/1,1/1
A,one_edit_per_image,image-44,singleton,unresolved,1,1,instrument_exhausted,0.0007272080983966589,-1/1,1/1
A,one_edit_per_image,image-45,singleton,unresolved,1,1,instrument_exhausted,0.003622832940891385,-1/1,3/1
A,one_edit_per_image,image-46,singleton,unresolved,1,1,instrument_exhausted,0.0007769158110022545,-1/1,1/1
A,one_edit_per_image,image-47,singleton,excluded,0,0,decision,2.8582988306879997e-05,0/1,0/1
A,one_edit_per_image,image-48,singleton,unresolved,1,1,instrument_exhausted,0.0015482918825000525,-1/1,3/1
A,one_edit_per_image,image-49,singleton,unresolved,1,1,instrument_exhausted,0.0008945418521761894,-2/1,2/1
A,one_edit_per_image,image-50,singleton,unresolved,1,1,instrument_exhausted,0.001008625142276287,0/1,4/1
A,one_edit_per_image,image-51,singleton,unresolved,1,1,instrument_exhausted,0.0009995000436902046,-2/1,2/1
A,one_edit_per_image,image-52,singleton,unresolved,1,1,instrument_exhausted,0.0013526671100407839,-1/1,3/1
A,one_edit_per_image,image-53,singleton,excluded,0,0,decision,2.9792077839374542e-05,0/1,0/1
A,one_edit_per_image,image-54,singleton,unresolved,1,1,instrument_exhausted,0.0010836247820407152,-2/1,2/1
A,one_edit_per_image,image-55,singleton,excluded,1,1,decision,0.00195629196241498,-4/1,0/1
A,one_edit_per_image,image-56,singleton,unresolved,1,1,instrument_exhausted,0.0013152500614523888,-2/1,2/1
A,one_edit_per_image,image-57,singleton,unresolved,1,1,instrument_exhausted,0.0019695418886840343,0/1,4/1
A,one_edit_per_image,image-58,singleton,unresolved,1,1,instrument_exhausted,0.0010282499715685844,-1/1,3/1
A,one_edit_per_image,image-59,singleton,unresolved,1,1,instrument_exhausted,0.0010002499911934137,-1/1,3/1
A,one_edit_per_image,image-60,singleton,unresolved,1,1,instrument_exhausted,0.006950792158022523,-5/1,1/1
A,one_edit_per_image,image-61,singleton,unresolved,1,1,instrument_exhausted,0.0019442499615252018,-3/1,3/1
A,one_edit_per_image,image-62,singleton,supported,1,1,decision,0.003978915978223085,1/1,7/1
A,one_edit_per_image,image-63,singleton,unresolved,1,1,instrument_exhausted,0.0013799590524286032,-3/1,1/1
A,one_edit_per_image,block-00,block,unresolved,8,8,instrument_exhausted,0.015931540867313743,-1/1,13/4
A,one_edit_per_image,block-01,block,unresolved,8,8,instrument_exhausted,0.03284825012087822,-1/2,17/4
A,one_edit_per_image,block-02,block,unresolved,7,7,instrument_exhausted,0.009848374873399734,-3/2,9/4
A,one_edit_per_image,block-03,block,unresolved,8,8,instrument_exhausted,0.025738042080774903,-5/2,5/2
A,one_edit_per_image,block-04,block,unresolved,8,8,instrument_exhausted,0.009722332935780287,-5/4,11/4
A,one_edit_per_image,block-05,block,unresolved,6,6,instrument_exhausted,0.009846333181485534,-9/8,13/8
A,one_edit_per_image,block-06,block,unresolved,7,7,instrument_exhausted,0.006801167037338018,-3/2,2/1
A,one_edit_per_image,block-07,block,unresolved,8,8,instrument_exhausted,0.017577458871528506,-7/4,3/1
A,one_edit_per_image,all-64,primary,unresolved,60,60,instrument_exhausted,0.1357191251590848,-89/64,173/64
A,one_edit_global,image-00,singleton,unresolved,1,1,instrument_exhausted,0.003920957911759615,0/1,4/1
A,one_edit_global,image-01,singleton,supported,1,1,decision,0.010141874896362424,1/1,7/1
A,one_edit_global,image-02,singleton,unresolved,1,1,instrument_exhausted,0.002804707968607545,0/1,6/1
A,one_edit_global,image-03,singleton,excluded,1,1,decision,0.0010249579790979624,-2/1,0/1
A,one_edit_global,image-04,singleton,unresolved,1,1,instrument_exhausted,0.0008837080094963312,-2/1,2/1
A,one_edit_global,image-05,singleton,unresolved,1,1,instrument_exhausted,0.0007325829938054085,-2/1,2/1
A,one_edit_global,image-06,singleton,unresolved,1,1,instrument_exhausted,0.0006952499970793724,-2/1,2/1
A,one_edit_global,image-07,singleton,unresolved,1,1,instrument_exhausted,0.0010064998641610146,-1/1,3/1
A,one_edit_global,image-08,singleton,unresolved,1,1,instrument_exhausted,0.0066376670729368925,-4/1,4/1
A,one_edit_global,image-09,singleton,unresolved,1,1,instrument_exhausted,0.0024084169417619705,-3/1,1/1
A,one_edit_global,image-10,singleton,unresolved,1,1,instrument_exhausted,0.0015419169794768095,0/1,4/1
A,one_edit_global,image-11,singleton,supported,1,1,decision,0.0038567089941352606,2/1,6/1
A,one_edit_global,image-12,singleton,unresolved,1,1,instrument_exhausted,0.002422083867713809,-3/1,3/1
A,one_edit_global,image-13,singleton,supported,1,1,decision,0.011952624889090657,7/1,11/1
A,one_edit_global,image-14,singleton,unresolved,1,1,instrument_exhausted,0.0023818330373615026,-2/1,2/1
A,one_edit_global,image-15,singleton,unresolved,1,1,instrument_exhausted,0.00356283294968307,-1/1,3/1
A,one_edit_global,image-16,singleton,unresolved,1,1,instrument_exhausted,0.0008847499266266823,-3/1,3/1
A,one_edit_global,image-17,singleton,unresolved,1,1,instrument_exhausted,0.0009427079930901527,-2/1,2/1
A,one_edit_global,image-18,singleton,unresolved,1,1,instrument_exhausted,0.0010105830151587725,-2/1,2/1
A,one_edit_global,image-19,singleton,unresolved,1,1,instrument_exhausted,0.0006847081240266562,0/1,4/1
A,one_edit_global,image-20,singleton,unresolved,1,1,instrument_exhausted,0.0006391659844666719,-2/1,2/1
A,one_edit_global,image-21,singleton,unresolved,1,1,instrument_exhausted,0.002173416083678603,-1/1,3/1
A,one_edit_global,image-22,singleton,unresolved,1,1,instrument_exhausted,0.004244707990437746,-2/1,2/1
A,one_edit_global,image-23,singleton,excluded,0,0,decision,3.0125025659799576e-05,0/1,0/1
A,one_edit_global,image-24,singleton,unresolved,1,1,instrument_exhausted,0.0012272919993847609,-2/1,2/1
A,one_edit_global,image-25,singleton,unresolved,1,1,instrument_exhausted,0.002180249895900488,-3/1,1/1
A,one_edit_global,image-26,singleton,unresolved,1,1,instrument_exhausted,0.008712749928236008,-7/1,1/1
A,one_edit_global,image-27,singleton,unresolved,1,1,instrument_exhausted,0.0016538749914616346,-3/1,1/1
A,one_edit_global,image-28,singleton,unresolved,1,1,instrument_exhausted,0.0007561671081930399,-2/1,2/1
A,one_edit_global,image-29,singleton,unresolved,1,1,instrument_exhausted,0.004298915853723884,-1/1,5/1
A,one_edit_global,image-30,singleton,unresolved,1,1,instrument_exhausted,0.007283749990165234,-2/1,4/1
A,one_edit_global,image-31,singleton,unresolved,1,1,instrument_exhausted,0.0021886660251766443,0/1,4/1
A,one_edit_global,image-32,singleton,unresolved,1,1,instrument_exhausted,0.0009358751121908426,-1/1,3/1
A,one_edit_global,image-33,singleton,supported,1,1,decision,0.002632375108078122,2/1,6/1
A,one_edit_global,image-34,singleton,unresolved,1,1,instrument_exhausted,0.002933249808847904,-1/1,3/1
A,one_edit_global,image-35,singleton,unresolved,1,1,instrument_exhausted,0.0015016249381005764,-2/1,2/1
A,one_edit_global,image-36,singleton,unresolved,1,1,instrument_exhausted,0.0006481672171503305,-1/1,1/1
A,one_edit_global,image-37,singleton,unresolved,1,1,instrument_exhausted,0.0008245420176535845,-3/1,3/1
A,one_edit_global,image-38,singleton,unresolved,1,1,instrument_exhausted,0.0014817919582128525,-1/1,3/1
A,one_edit_global,image-39,singleton,unresolved,1,1,instrument_exhausted,0.0013055407907813787,-3/1,1/1
A,one_edit_global,image-40,singleton,unresolved,1,1,instrument_exhausted,0.004478750051930547,-2/1,4/1
A,one_edit_global,image-41,singleton,unresolved,1,1,instrument_exhausted,0.0009691249579191208,-1/1,3/1
A,one_edit_global,image-42,singleton,excluded,0,0,decision,3.21660190820694e-05,0/1,0/1
A,one_edit_global,image-43,singleton,unresolved,1,1,instrument_exhausted,0.000988375162705779,-3/1,1/1
A,one_edit_global,image-44,singleton,unresolved,1,1,instrument_exhausted,0.0005124169401824474,-1/1,1/1
A,one_edit_global,image-45,singleton,unresolved,1,1,instrument_exhausted,0.003645583987236023,-1/1,3/1
A,one_edit_global,image-46,singleton,unresolved,1,1,instrument_exhausted,0.0007238751277327538,-1/1,1/1
A,one_edit_global,image-47,singleton,excluded,0,0,decision,2.9625138267874718e-05,0/1,0/1
A,one_edit_global,image-48,singleton,unresolved,1,1,instrument_exhausted,0.0017200422007590532,-1/1,3/1
A,one_edit_global,image-49,singleton,unresolved,1,1,instrument_exhausted,0.0010158750228583813,-2/1,2/1
A,one_edit_global,image-50,singleton,unresolved,1,1,instrument_exhausted,0.0007965001277625561,0/1,4/1
A,one_edit_global,image-51,singleton,unresolved,1,1,instrument_exhausted,0.0007937080226838589,-2/1,2/1
A,one_edit_global,image-52,singleton,unresolved,1,1,instrument_exhausted,0.0013204161077737808,-1/1,3/1
A,one_edit_global,image-53,singleton,excluded,0,0,decision,3.179186023771763e-05,0/1,0/1
A,one_edit_global,image-54,singleton,unresolved,1,1,instrument_exhausted,0.0011587920598685741,-2/1,2/1
A,one_edit_global,image-55,singleton,excluded,1,1,decision,0.0019685840234160423,-4/1,0/1
A,one_edit_global,image-56,singleton,unresolved,1,1,instrument_exhausted,0.0011831249576061964,-2/1,2/1
A,one_edit_global,image-57,singleton,unresolved,1,1,instrument_exhausted,0.001830624882131815,0/1,4/1
A,one_edit_global,image-58,singleton,unresolved,1,1,instrument_exhausted,0.001076333224773407,-1/1,3/1
A,one_edit_global,image-59,singleton,unresolved,1,1,instrument_exhausted,0.0009697501081973314,-1/1,3/1
A,one_edit_global,image-60,singleton,unresolved,1,1,instrument_exhausted,0.00706087495200336,-5/1,1/1
A,one_edit_global,image-61,singleton,unresolved,1,1,instrument_exhausted,0.0022042079363018274,-3/1,3/1
A,one_edit_global,image-62,singleton,supported,1,1,decision,0.0038016659673303366,1/1,7/1
A,one_edit_global,image-63,singleton,unresolved,1,1,instrument_exhausted,0.001523416955024004,-3/1,1/1
A,one_edit_global,block-00,block,supported,6,8,decision,0.016849540872499347,1/4,2/1
A,one_edit_global,block-01,block,supported,7,8,decision,0.03148341691121459,1/2,3/1
A,one_edit_global,block-02,block,unresolved,7,7,instrument_exhausted,0.009920708136633039,0/1,3/4
A,one_edit_global,block-03,block,unresolved,8,8,instrument_exhausted,0.02600954193621874,-1/2,1/2
A,one_edit_global,block-04,block,supported,7,8,decision,0.00960487499833107,1/4,5/4
A,one_edit_global,block-05,block,unresolved,6,6,instrument_exhausted,0.010203124955296516,-1/8,5/8
A,one_edit_global,block-06,block,unresolved,7,7,instrument_exhausted,0.007114583160728216,0/1,1/2
A,one_edit_global,block-07,block,unresolved,8,8,instrument_exhausted,0.01757233403623104,0/1,1/1
A,one_edit_global,all-64,primary,supported,47,60,decision,0.12853337498381734,1/64,63/64
B,exact_projection,image-00,singleton,supported,1,1,decision,0.002999125048518181,2/1,2/1
B,exact_projection,image-01,singleton,supported,1,1,decision,0.01408829097636044,3/1,3/1
B,exact_projection,image-02,singleton,supported,1,1,decision,0.005397083004936576,2/1,2/1
B,exact_projection,image-03,singleton,excluded,1,1,decision,0.0024021670687943697,0/1,0/1
B,exact_projection,image-04,singleton,excluded,1,1,decision,0.002787667093798518,0/1,0/1
B,exact_projection,image-05,singleton,excluded,1,1,decision,0.0022765418980270624,0/1,0/1
B,exact_projection,image-06,singleton,excluded,1,1,decision,0.0018345830030739307,0/1,0/1
B,exact_projection,image-07,singleton,supported,1,1,decision,0.0025385001208633184,1/1,1/1
B,exact_projection,image-08,singleton,excluded,1,1,decision,0.009649874875321984,0/1,0/1
B,exact_projection,image-09,singleton,excluded,1,1,decision,0.004472375148907304,-1/1,-1/1
B,exact_projection,image-10,singleton,supported,1,1,decision,0.003296875162050128,2/1,2/1
B,exact_projection,image-11,singleton,supported,1,1,decision,0.006139666074886918,4/1,4/1
B,exact_projection,image-12,singleton,excluded,1,1,decision,0.0048529161140322685,-1/1,-1/1
B,exact_projection,image-13,singleton,supported,1,1,decision,0.01515191700309515,9/1,9/1
B,exact_projection,image-14,singleton,excluded,1,1,decision,0.004842082969844341,0/1,0/1
B,exact_projection,image-15,singleton,supported,1,1,decision,0.005945500219240785,1/1,1/1
B,exact_projection,image-16,singleton,excluded,1,1,decision,0.0025802089367061853,-1/1,-1/1
B,exact_projection,image-17,singleton,excluded,1,1,decision,0.002622040919959545,0/1,0/1
B,exact_projection,image-18,singleton,excluded,1,1,decision,0.0026462499517947435,0/1,0/1
B,exact_projection,image-19,singleton,supported,1,1,decision,0.0022392498794943094,2/1,2/1
B,exact_projection,image-20,singleton,excluded,1,1,decision,0.002293792087584734,0/1,0/1
B,exact_projection,image-21,singleton,supported,1,1,decision,0.0045404580887407064,1/1,1/1
B,exact_projection,image-22,singleton,excluded,1,1,decision,0.00583583302795887,0/1,0/1
B,exact_projection,image-23,singleton,excluded,0,0,decision,3.0207913368940353e-05,0/1,0/1
B,exact_projection,image-24,singleton,excluded,1,1,decision,0.0029306658543646336,0/1,0/1
B,exact_projection,image-25,singleton,excluded,1,1,decision,0.0045157079584896564,-1/1,-1/1
B,exact_projection,image-26,singleton,excluded,1,1,decision,0.011336416937410831,-3/1,-3/1
B,exact_projection,image-27,singleton,excluded,1,1,decision,0.0032832908909767866,-1/1,-1/1
B,exact_projection,image-28,singleton,supported,1,1,decision,0.001903083873912692,2/1,2/1
B,exact_projection,image-29,singleton,supported,1,1,decision,0.006604500114917755,1/1,1/1
B,exact_projection,image-30,singleton,excluded,1,1,decision,0.009606207953765988,0/1,0/1
B,exact_projection,image-31,singleton,supported,1,1,decision,0.004326583119109273,2/1,2/1
B,exact_projection,image-32,singleton,supported,1,1,decision,0.0025436249561607838,1/1,1/1
B,exact_projection,image-33,singleton,supported,1,1,decision,0.0051887501031160355,4/1,4/1
B,exact_projection,image-34,singleton,supported,1,1,decision,0.004957416094839573,1/1,1/1
B,exact_projection,image-35,singleton,excluded,1,1,decision,0.0034651251044124365,0/1,0/1
B,exact_projection,image-36,singleton,supported,1,1,decision,0.0019765000324696302,1/1,1/1
B,exact_projection,image-37,singleton,excluded,1,1,decision,0.0019124578684568405,-1/1,-1/1
B,exact_projection,image-38,singleton,supported,1,1,decision,0.0038252922240644693,1/1,1/1
B,exact_projection,image-39,singleton,excluded,1,1,decision,0.0026754578575491905,-1/1,-1/1
B,exact_projection,image-40,singleton,excluded,1,1,decision,0.006805957993492484,0/1,0/1
B,exact_projection,image-41,singleton,supported,1,1,decision,0.002350374823436141,1/1,1/1
B,exact_projection,image-42,singleton,excluded,0,0,decision,3.474997356534004e-05,0/1,0/1
B,exact_projection,image-43,singleton,excluded,1,1,decision,0.0026370410341769457,-1/1,-1/1
B,exact_projection,image-44,singleton,supported,1,1,decision,0.0018687499687075615,1/1,1/1
B,exact_projection,image-45,singleton,supported,1,1,decision,0.005887999897822738,1/1,1/1
B,exact_projection,image-46,singleton,excluded,1,1,decision,0.0017845828551799059,-1/1,-1/1
B,exact_projection,image-47,singleton,excluded,0,0,decision,2.9999995604157448e-05,0/1,0/1
B,exact_projection,image-48,singleton,supported,1,1,decision,0.0031393750105053186,1/1,1/1
B,exact_projection,image-49,singleton,excluded,1,1,decision,0.0019228339660912752,0/1,0/1
B,exact_projection,image-50,singleton,supported,1,1,decision,0.002113250084221363,2/1,2/1
B,exact_projection,image-51,singleton,excluded,1,1,decision,0.002080333884805441,0/1,0/1
B,exact_projection,image-52,singleton,supported,1,1,decision,0.003070457838475704,1/1,1/1
B,exact_projection,image-53,singleton,excluded,0,0,decision,2.8624897822737694e-05,0/1,0/1
B,exact_projection,image-54,singleton,excluded,1,1,decision,0.0027141671162098646,0/1,0/1
B,exact_projection,image-55,singleton,excluded,1,1,decision,0.003970749909058213,-2/1,-2/1
B,exact_projection,image-56,singleton,excluded,1,1,decision,0.0033605829812586308,0/1,0/1
B,exact_projection,image-57,singleton,supported,1,1,decision,0.0038865830283612013,2/1,2/1
B,exact_projection,image-58,singleton,supported,1,1,decision,0.0027617078740149736,1/1,1/1
B,exact_projection,image-59,singleton,supported,1,1,decision,0.0024861248675733805,1/1,1/1
B,exact_projection,image-60,singleton,excluded,1,1,decision,0.010297541040927172,-3/1,-3/1
B,exact_projection,image-61,singleton,supported,1,1,decision,0.0038487499114125967,1/1,1/1
B,exact_projection,image-62,singleton,supported,1,1,decision,0.006748790852725506,3/1,3/1
B,exact_projection,image-63,singleton,excluded,1,1,decision,0.0035414169542491436,-1/1,-1/1
B,exact_projection,block-00,block,supported,6,8,decision,0.02744587487541139,1/2,3/2
B,exact_projection,block-01,block,supported,7,8,decision,0.04739625006914139,1/1,5/2
B,exact_projection,block-02,block,supported,7,7,decision,0.020595707930624485,1/4,1/4
B,exact_projection,block-03,block,excluded,7,8,decision,0.041416540974751115,-1/2,0/1
B,exact_projection,block-04,block,supported,6,8,decision,0.021523291943594813,1/4,5/4
B,exact_projection,block-05,block,supported,5,6,decision,0.01849041716195643,1/8,3/8
B,exact_projection,block-06,block,supported,7,7,decision,0.018112167017534375,1/4,1/4
B,exact_projection,block-07,block,supported,8,8,decision,0.03291708300821483,1/2,1/2
B,exact_projection,all-64,primary,supported,46,60,decision,0.21704412484541535,3/64,63/64
B,one_edit_per_image,image-00,singleton,unresolved,1,1,instrument_exhausted,0.006405249936506152,0/1,4/1
B,one_edit_per_image,image-01,singleton,supported,1,1,decision,0.16431662486866117,1/1,7/1
B,one_edit_per_image,image-02,singleton,unresolved,1,1,instrument_exhausted,0.027437624987214804,0/1,6/1
B,one_edit_per_image,image-03,singleton,excluded,1,1,decision,0.006604707799851894,-2/1,0/1
B,one_edit_per_image,image-04,singleton,unresolved,1,1,instrument_exhausted,0.005613416898995638,-2/1,2/1
B,one_edit_per_image,image-05,singleton,unresolved,1,1,instrument_exhausted,0.005372290965169668,-2/1,2/1
B,one_edit_per_image,image-06,singleton,unresolved,1,1,instrument_exhausted,0.0028438749723136425,-2/1,2/1
B,one_edit_per_image,image-07,singleton,unresolved,1,1,instrument_exhausted,0.005309958942234516,-1/1,3/1
B,one_edit_per_image,image-08,singleton,unresolved,1,1,instrument_exhausted,0.11775370896793902,-4/1,4/1
B,one_edit_per_image,image-09,singleton,unresolved,1,1,instrument_exhausted,0.022862207842990756,-3/1,1/1
B,one_edit_per_image,image-10,singleton,unresolved,1,1,instrument_exhausted,0.009542042156681418,0/1,4/1
B,one_edit_per_image,image-11,singleton,supported,1,1,decision,0.03870712500065565,2/1,6/1
B,one_edit_per_image,image-12,singleton,unresolved,1,1,instrument_exhausted,0.02473862492479384,-3/1,3/1
B,one_edit_per_image,image-13,singleton,supported,1,1,decision,0.20658237487077713,7/1,11/1
B,one_edit_per_image,image-14,singleton,unresolved,1,1,instrument_exhausted,0.028789083007723093,-2/1,2/1
B,one_edit_per_image,image-15,singleton,unresolved,1,1,instrument_exhausted,0.04710437497124076,-1/1,3/1
B,one_edit_per_image,image-16,singleton,unresolved,1,1,instrument_exhausted,0.005127041134983301,-3/1,3/1
B,one_edit_per_image,image-17,singleton,unresolved,1,1,instrument_exhausted,0.006971542024984956,-2/1,2/1
B,one_edit_per_image,image-18,singleton,unresolved,1,1,instrument_exhausted,0.009150541154667735,-2/1,2/1
B,one_edit_per_image,image-19,singleton,unresolved,1,1,instrument_exhausted,0.003673332976177335,0/1,4/1
B,one_edit_per_image,image-20,singleton,unresolved,1,1,instrument_exhausted,0.004460250027477741,-2/1,2/1
B,one_edit_per_image,image-21,singleton,unresolved,1,1,instrument_exhausted,0.02365550003014505,-1/1,3/1
B,one_edit_per_image,image-22,singleton,unresolved,1,1,instrument_exhausted,0.05890233302488923,-2/1,2/1
B,one_edit_per_image,image-23,singleton,excluded,0,0,decision,3.1833071261644363e-05,0/1,0/1
B,one_edit_per_image,image-24,singleton,unresolved,1,1,instrument_exhausted,0.006741040851920843,-2/1,2/1
B,one_edit_per_image,image-25,singleton,unresolved,1,1,instrument_exhausted,0.02589612500742078,-3/1,1/1
B,one_edit_per_image,image-26,singleton,unresolved,1,1,instrument_exhausted,0.15814508311450481,-7/1,1/1
B,one_edit_per_image,image-27,singleton,unresolved,1,1,instrument_exhausted,0.011740416986867785,-3/1,1/1
B,one_edit_per_image,image-28,singleton,unresolved,1,1,instrument_exhausted,0.0036325419787317514,-2/1,2/1
B,one_edit_per_image,image-29,singleton,unresolved,1,1,instrument_exhausted,0.046649541007354856,-1/1,5/1
B,one_edit_per_image,image-30,singleton,unresolved,1,1,instrument_exhausted,0.12540125008672476,-2/1,4/1
B,one_edit_per_image,image-31,singleton,unresolved,1,1,instrument_exhausted,0.014760457910597324,0/1,4/1
B,one_edit_per_image,image-32,singleton,unresolved,1,1,instrument_exhausted,0.005729458061978221,-1/1,3/1
B,one_edit_per_image,image-33,singleton,supported,1,1,decision,0.026663125026971102,2/1,6/1
B,one_edit_per_image,image-34,singleton,unresolved,1,1,instrument_exhausted,0.03192429197952151,-1/1,3/1
B,one_edit_per_image,image-35,singleton,unresolved,1,1,instrument_exhausted,0.009477125015109777,-2/1,2/1
B,one_edit_per_image,image-36,singleton,unresolved,1,1,instrument_exhausted,0.003200290957465768,-1/1,1/1
B,one_edit_per_image,image-37,singleton,unresolved,1,1,instrument_exhausted,0.003091624937951565,-3/1,3/1
B,one_edit_per_image,image-38,singleton,unresolved,1,1,instrument_exhausted,0.010436041047796607,-1/1,3/1
B,one_edit_per_image,image-39,singleton,unresolved,1,1,instrument_exhausted,0.007442750036716461,-3/1,1/1
B,one_edit_per_image,image-40,singleton,unresolved,1,1,instrument_exhausted,0.06602212507277727,-2/1,4/1
B,one_edit_per_image,image-41,singleton,unresolved,1,1,instrument_exhausted,0.005971207981929183,-1/1,3/1
B,one_edit_per_image,image-42,singleton,excluded,0,0,decision,3.174995072185993e-05,0/1,0/1
B,one_edit_per_image,image-43,singleton,unresolved,1,1,instrument_exhausted,0.0040282090194523335,-3/1,1/1
B,one_edit_per_image,image-44,singleton,unresolved,1,1,instrument_exhausted,0.0020614999812096357,-1/1,1/1
B,one_edit_per_image,image-45,singleton,unresolved,1,1,instrument_exhausted,0.04467795812524855,-1/1,3/1
B,one_edit_per_image,image-46,singleton,unresolved,1,1,instrument_exhausted,0.0022260418627411127,-1/1,1/1
B,one_edit_per_image,image-47,singleton,excluded,0,0,decision,3.0374852940440178e-05,0/1,0/1
B,one_edit_per_image,image-48,singleton,unresolved,1,1,instrument_exhausted,0.01098879100754857,-1/1,3/1
B,one_edit_per_image,image-49,singleton,unresolved,1,1,instrument_exhausted,0.003614916931837797,-2/1,2/1
B,one_edit_per_image,image-50,singleton,unresolved,1,1,instrument_exhausted,0.003690832993015647,0/1,4/1
B,one_edit_per_image,image-51,singleton,unresolved,1,1,instrument_exhausted,0.00494016706943512,-2/1,2/1
B,one_edit_per_image,image-52,singleton,unresolved,1,1,instrument_exhausted,0.009231790900230408,-1/1,3/1
B,one_edit_per_image,image-53,singleton,excluded,0,0,decision,2.8624897822737694e-05,0/1,0/1
B,one_edit_per_image,image-54,singleton,unresolved,1,1,instrument_exhausted,0.0067299590446054935,-2/1,2/1
B,one_edit_per_image,image-55,singleton,excluded,1,1,decision,0.024880875134840608,-4/1,0/1
B,one_edit_per_image,image-56,singleton,unresolved,1,1,instrument_exhausted,0.008606499992311,-2/1,2/1
B,one_edit_per_image,image-57,singleton,unresolved,1,1,instrument_exhausted,0.017245084047317505,0/1,4/1
B,one_edit_per_image,image-58,singleton,unresolved,1,1,instrument_exhausted,0.006868750089779496,-1/1,3/1
B,one_edit_per_image,image-59,singleton,unresolved,1,1,instrument_exhausted,0.008400290971621871,-1/1,3/1
B,one_edit_per_image,image-60,singleton,unresolved,1,1,instrument_exhausted,0.11338045913726091,-5/1,1/1
B,one_edit_per_image,image-61,singleton,unresolved,1,1,instrument_exhausted,0.015421791933476925,-3/1,3/1
B,one_edit_per_image,image-62,singleton,supported,1,1,decision,0.040818165987730026,1/1,7/1
B,one_edit_per_image,image-63,singleton,unresolved,1,1,instrument_exhausted,0.009164249990135431,-3/1,1/1
B,one_edit_per_image,block-00,block,unresolved,8,8,instrument_exhausted,0.261598041979596,-1/1,13/4
B,one_edit_per_image,block-01,block,unresolved,8,8,instrument_exhausted,0.47866454091854393,-1/2,17/4
B,one_edit_per_image,block-02,block,unresolved,7,7,instrument_exhausted,0.1147674999665469,-3/2,9/4
B,one_edit_per_image,block-03,block,unresolved,8,8,instrument_exhausted,0.3907583749387413,-5/2,5/2
B,one_edit_per_image,block-04,block,unresolved,8,8,instrument_exhausted,0.0943538339342922,-5/4,11/4
B,one_edit_per_image,block-05,block,unresolved,6,6,instrument_exhausted,0.12231262493878603,-9/8,13/8
B,one_edit_per_image,block-06,block,unresolved,7,7,instrument_exhausted,0.06297087506391108,-3/2,2/1
B,one_edit_per_image,block-07,block,unresolved,8,8,instrument_exhausted,0.21727762511000037,-7/4,3/1
B,one_edit_per_image,all-64,primary,unresolved,60,60,instrument_exhausted,1.6903684581629932,-89/64,173/64
B,one_edit_global,image-00,singleton,unresolved,1,1,instrument_exhausted,0.01185312494635582,0/1,4/1
B,one_edit_global,image-01,singleton,supported,1,1,decision,0.16374120907858014,1/1,7/1
B,one_edit_global,image-02,singleton,unresolved,1,1,instrument_exhausted,0.02919508400373161,0/1,6/1
B,one_edit_global,image-03,singleton,excluded,1,1,decision,0.006406459026038647,-2/1,0/1
B,one_edit_global,image-04,singleton,unresolved,1,1,instrument_exhausted,0.0058122919872403145,-2/1,2/1
B,one_edit_global,image-05,singleton,unresolved,1,1,instrument_exhausted,0.004752041073516011,-2/1,2/1
B,one_edit_global,image-06,singleton,unresolved,1,1,instrument_exhausted,0.002904459135606885,-2/1,2/1
B,one_edit_global,image-07,singleton,unresolved,1,1,instrument_exhausted,0.005108250072225928,-1/1,3/1
B,one_edit_global,image-08,singleton,unresolved,1,1,instrument_exhausted,0.11732562514953315,-4/1,4/1
B,one_edit_global,image-09,singleton,unresolved,1,1,instrument_exhausted,0.02330700005404651,-3/1,1/1
B,one_edit_global,image-10,singleton,unresolved,1,1,instrument_exhausted,0.009029708104208112,0/1,4/1
B,one_edit_global,image-11,singleton,supported,1,1,decision,0.03921862505376339,2/1,6/1
B,one_edit_global,image-12,singleton,unresolved,1,1,instrument_exhausted,0.023277082946151495,-3/1,3/1
B,one_edit_global,image-13,singleton,supported,1,1,decision,0.19474524981342256,7/1,11/1
B,one_edit_global,image-14,singleton,unresolved,1,1,instrument_exhausted,0.027515457943081856,-2/1,2/1
B,one_edit_global,image-15,singleton,unresolved,1,1,instrument_exhausted,0.04583412501960993,-1/1,3/1
B,one_edit_global,image-16,singleton,unresolved,1,1,instrument_exhausted,0.005164291011169553,-3/1,3/1
B,one_edit_global,image-17,singleton,unresolved,1,1,instrument_exhausted,0.006734333001077175,-2/1,2/1
B,one_edit_global,image-18,singleton,unresolved,1,1,instrument_exhausted,0.008882165886461735,-2/1,2/1
B,one_edit_global,image-19,singleton,unresolved,1,1,instrument_exhausted,0.0035369170363992453,0/1,4/1
B,one_edit_global,image-20,singleton,unresolved,1,1,instrument_exhausted,0.003971708007156849,-2/1,2/1
B,one_edit_global,image-21,singleton,unresolved,1,1,instrument_exhausted,0.02410137513652444,-1/1,3/1
B,one_edit_global,image-22,singleton,unresolved,1,1,instrument_exhausted,0.05932333297096193,-2/1,2/1
B,one_edit_global,image-23,singleton,excluded,0,0,decision,3.458303399384022e-05,0/1,0/1
B,one_edit_global,image-24,singleton,unresolved,1,1,instrument_exhausted,0.00617649988271296,-2/1,2/1
B,one_edit_global,image-25,singleton,unresolved,1,1,instrument_exhausted,0.02550162491388619,-3/1,1/1
B,one_edit_global,image-26,singleton,unresolved,1,1,instrument_exhausted,0.15680249989964068,-7/1,1/1
B,one_edit_global,image-27,singleton,unresolved,1,1,instrument_exhausted,0.011404208140447736,-3/1,1/1
B,one_edit_global,image-28,singleton,unresolved,1,1,instrument_exhausted,0.0036416249349713326,-2/1,2/1
B,one_edit_global,image-29,singleton,unresolved,1,1,instrument_exhausted,0.047411291860044,-1/1,5/1
B,one_edit_global,image-30,singleton,unresolved,1,1,instrument_exhausted,0.12599937501363456,-2/1,4/1
B,one_edit_global,image-31,singleton,unresolved,1,1,instrument_exhausted,0.014576249988749623,0/1,4/1
B,one_edit_global,image-32,singleton,unresolved,1,1,instrument_exhausted,0.00542445806786418,-1/1,3/1
B,one_edit_global,image-33,singleton,supported,1,1,decision,0.025668959133327007,2/1,6/1
B,one_edit_global,image-34,singleton,unresolved,1,1,instrument_exhausted,0.030689624836668372,-1/1,3/1
B,one_edit_global,image-35,singleton,unresolved,1,1,instrument_exhausted,0.009309666929766536,-2/1,2/1
B,one_edit_global,image-36,singleton,unresolved,1,1,instrument_exhausted,0.003613916924223304,-1/1,1/1
B,one_edit_global,image-37,singleton,unresolved,1,1,instrument_exhausted,0.00313887489028275,-3/1,3/1
B,one_edit_global,image-38,singleton,unresolved,1,1,instrument_exhausted,0.010378458071500063,-1/1,3/1
B,one_edit_global,image-39,singleton,unresolved,1,1,instrument_exhausted,0.007743750000372529,-3/1,1/1
B,one_edit_global,image-40,singleton,unresolved,1,1,instrument_exhausted,0.06657000002451241,-2/1,4/1
B,one_edit_global,image-41,singleton,unresolved,1,1,instrument_exhausted,0.0061054169200360775,-1/1,3/1
B,one_edit_global,image-42,singleton,excluded,0,0,decision,3.408384509384632e-05,0/1,0/1
B,one_edit_global,image-43,singleton,unresolved,1,1,instrument_exhausted,0.004050792194902897,-3/1,1/1
B,one_edit_global,image-44,singleton,unresolved,1,1,instrument_exhausted,0.0021029580384492874,-1/1,1/1
B,one_edit_global,image-45,singleton,unresolved,1,1,instrument_exhausted,0.04320062487386167,-1/1,3/1
B,one_edit_global,image-46,singleton,unresolved,1,1,instrument_exhausted,0.002325667068362236,-1/1,1/1
B,one_edit_global,image-47,singleton,excluded,0,0,decision,3.195810131728649e-05,0/1,0/1
B,one_edit_global,image-48,singleton,unresolved,1,1,instrument_exhausted,0.011984208133071661,-1/1,3/1
B,one_edit_global,image-49,singleton,unresolved,1,1,instrument_exhausted,0.0035661249421536922,-2/1,2/1
B,one_edit_global,image-50,singleton,unresolved,1,1,instrument_exhausted,0.003912792075425386,0/1,4/1
B,one_edit_global,image-51,singleton,unresolved,1,1,instrument_exhausted,0.005300791934132576,-2/1,2/1
B,one_edit_global,image-52,singleton,unresolved,1,1,instrument_exhausted,0.009105458855628967,-1/1,3/1
B,one_edit_global,image-53,singleton,excluded,0,0,decision,3.158417530357838e-05,0/1,0/1
B,one_edit_global,image-54,singleton,unresolved,1,1,instrument_exhausted,0.006527542136609554,-2/1,2/1
B,one_edit_global,image-55,singleton,excluded,1,1,decision,0.024695999920368195,-4/1,0/1
B,one_edit_global,image-56,singleton,unresolved,1,1,instrument_exhausted,0.008917333092540503,-2/1,2/1
B,one_edit_global,image-57,singleton,unresolved,1,1,instrument_exhausted,0.017283458029851317,0/1,4/1
B,one_edit_global,image-58,singleton,unresolved,1,1,instrument_exhausted,0.006597958039492369,-1/1,3/1
B,one_edit_global,image-59,singleton,unresolved,1,1,instrument_exhausted,0.008732917020097375,-1/1,3/1
B,one_edit_global,image-60,singleton,unresolved,1,1,instrument_exhausted,0.11368941678665578,-5/1,1/1
B,one_edit_global,image-61,singleton,unresolved,1,1,instrument_exhausted,0.015179208014160395,-3/1,3/1
B,one_edit_global,image-62,singleton,supported,1,1,decision,0.040503083961084485,1/1,7/1
B,one_edit_global,image-63,singleton,unresolved,1,1,instrument_exhausted,0.008457500021904707,-3/1,1/1
B,one_edit_global,block-00,block,supported,6,8,decision,0.21011791680939496,1/4,2/1
B,one_edit_global,block-01,block,supported,7,8,decision,0.4496106659062207,1/2,3/1
B,one_edit_global,block-02,block,unresolved,7,7,instrument_exhausted,0.11129362508654594,0/1,3/4
B,one_edit_global,block-03,block,unresolved,8,8,instrument_exhausted,0.3875705827958882,-1/2,1/2
B,one_edit_global,block-04,block,supported,7,8,decision,0.09303899994120002,1/4,5/4
B,one_edit_global,block-05,block,unresolved,6,6,instrument_exhausted,0.12361549981869757,-1/8,5/8
B,one_edit_global,block-06,block,unresolved,7,7,instrument_exhausted,0.06239120801910758,0/1,1/2
B,one_edit_global,block-07,block,unresolved,8,8,instrument_exhausted,0.21664300002157688,0/1,1/1
B,one_edit_global,all-64,primary,supported,47,60,decision,1.6391508330125362,1/64,63/64
C,exact_projection,image-00,singleton,supported,1,1,decision,0.0031282079871743917,2/1,2/1
C,exact_projection,image-01,singleton,supported,1,1,decision,0.01400329195894301,3/1,3/1
C,exact_projection,image-02,singleton,supported,1,1,decision,0.005386249860748649,2/1,2/1
C,exact_projection,image-03,singleton,excluded,1,1,decision,0.00288725015707314,0/1,0/1
C,exact_projection,image-04,singleton,excluded,1,1,decision,0.0025629159063100815,0/1,0/1
C,exact_projection,image-05,singleton,excluded,1,1,decision,0.0021816659718751907,0/1,0/1
C,exact_projection,image-06,singleton,excluded,1,1,decision,0.0016915411688387394,0/1,0/1
C,exact_projection,image-07,singleton,supported,1,1,decision,0.00218475004658103,1/1,1/1
C,exact_projection,image-08,singleton,excluded,1,1,decision,0.009714083978906274,0/1,0/1
C,exact_projection,image-09,singleton,excluded,1,1,decision,0.004988208878785372,-1/1,-1/1
C,exact_projection,image-10,singleton,supported,1,1,decision,0.003124082926660776,2/1,2/1
C,exact_projection,image-11,singleton,supported,1,1,decision,0.006114582996815443,4/1,4/1
C,exact_projection,image-12,singleton,excluded,1,1,decision,0.004441624972969294,-1/1,-1/1
C,exact_projection,image-13,singleton,supported,1,1,decision,0.014339500106871128,9/1,9/1
C,exact_projection,image-14,singleton,excluded,1,1,decision,0.0046356250531971455,0/1,0/1
C,exact_projection,image-15,singleton,supported,1,1,decision,0.005973584018647671,1/1,1/1
C,exact_projection,image-16,singleton,excluded,1,1,decision,0.0021222918294370174,-1/1,-1/1
C,exact_projection,image-17,singleton,excluded,1,1,decision,0.002528917044401169,0/1,0/1
C,exact_projection,image-18,singleton,excluded,1,1,decision,0.0027855001389980316,0/1,0/1
C,exact_projection,image-19,singleton,supported,1,1,decision,0.002080917125567794,2/1,2/1
C,exact_projection,image-20,singleton,excluded,1,1,decision,0.0023529159370809793,0/1,0/1
C,exact_projection,image-21,singleton,supported,1,1,decision,0.0045567920897156,1/1,1/1
C,exact_projection,image-22,singleton,excluded,1,1,decision,0.006205499870702624,0/1,0/1
C,exact_projection,image-23,singleton,excluded,0,0,decision,3.1082890927791595e-05,0/1,0/1
C,exact_projection,image-24,singleton,excluded,1,1,decision,0.002889124909415841,0/1,0/1
C,exact_projection,image-25,singleton,excluded,1,1,decision,0.004538167035207152,-1/1,-1/1
C,exact_projection,image-26,singleton,excluded,1,1,decision,0.011444582836702466,-3/1,-3/1
C,exact_projection,image-27,singleton,excluded,1,1,decision,0.0036456668749451637,-1/1,-1/1
C,exact_projection,image-28,singleton,supported,1,1,decision,0.002094874856993556,2/1,2/1
C,exact_projection,image-29,singleton,supported,1,1,decision,0.0069123751018196344,1/1,1/1
C,exact_projection,image-30,singleton,excluded,1,1,decision,0.009646292077377439,0/1,0/1
C,exact_projection,image-31,singleton,supported,1,1,decision,0.004197374917566776,2/1,2/1
C,exact_projection,image-32,singleton,supported,1,1,decision,0.002615083009004593,1/1,1/1
C,exact_projection,image-33,singleton,supported,1,1,decision,0.005228040972724557,4/1,4/1
C,exact_projection,image-34,singleton,supported,1,1,decision,0.004870208911597729,1/1,1/1
C,exact_projection,image-35,singleton,excluded,1,1,decision,0.0033746249973773956,0/1,0/1
C,exact_projection,image-36,singleton,supported,1,1,decision,0.0016026669181883335,1/1,1/1
C,exact_projection,image-37,singleton,excluded,1,1,decision,0.0020277921576052904,-1/1,-1/1
C,exact_projection,image-38,singleton,supported,1,1,decision,0.0038538749795407057,1/1,1/1
C,exact_projection,image-39,singleton,excluded,1,1,decision,0.0023756250739097595,-1/1,-1/1
C,exact_projection,image-40,singleton,excluded,1,1,decision,0.006514291977509856,0/1,0/1
C,exact_projection,image-41,singleton,supported,1,1,decision,0.00271816598251462,1/1,1/1
C,exact_projection,image-42,singleton,excluded,0,0,decision,3.6667101085186005e-05,0/1,0/1
C,exact_projection,image-43,singleton,excluded,1,1,decision,0.002584584057331085,-1/1,-1/1
C,exact_projection,image-44,singleton,supported,1,1,decision,0.0018189579714089632,1/1,1/1
C,exact_projection,image-45,singleton,supported,1,1,decision,0.00589645910076797,1/1,1/1
C,exact_projection,image-46,singleton,excluded,1,1,decision,0.0022044579964131117,-1/1,-1/1
C,exact_projection,image-47,singleton,excluded,0,0,decision,3.058300353586674e-05,0/1,0/1
C,exact_projection,image-48,singleton,supported,1,1,decision,0.0032067089341580868,1/1,1/1
C,exact_projection,image-49,singleton,excluded,1,1,decision,0.0020198330748826265,0/1,0/1
C,exact_projection,image-50,singleton,supported,1,1,decision,0.0029329999815672636,2/1,2/1
C,exact_projection,image-51,singleton,excluded,1,1,decision,0.0024342499673366547,0/1,0/1
C,exact_projection,image-52,singleton,supported,1,1,decision,0.00326941697858274,1/1,1/1
C,exact_projection,image-53,singleton,excluded,0,0,decision,2.89171002805233e-05,0/1,0/1
C,exact_projection,image-54,singleton,excluded,1,1,decision,0.002888374961912632,0/1,0/1
C,exact_projection,image-55,singleton,excluded,1,1,decision,0.003935499815270305,-2/1,-2/1
C,exact_projection,image-56,singleton,excluded,1,1,decision,0.0033007909078150988,0/1,0/1
C,exact_projection,image-57,singleton,supported,1,1,decision,0.003818875178694725,2/1,2/1
C,exact_projection,image-58,singleton,supported,1,1,decision,0.0023044159170240164,1/1,1/1
C,exact_projection,image-59,singleton,supported,1,1,decision,0.0027923330198973417,1/1,1/1
C,exact_projection,image-60,singleton,excluded,1,1,decision,0.009977624984458089,-3/1,-3/1
C,exact_projection,image-61,singleton,supported,1,1,decision,0.003802292048931122,1/1,1/1
C,exact_projection,image-62,singleton,supported,1,1,decision,0.006805666955187917,3/1,3/1
C,exact_projection,image-63,singleton,excluded,1,1,decision,0.0031467080116271973,-1/1,-1/1
C,exact_projection,block-00,block,supported,6,8,decision,0.02756741689518094,1/2,3/2
C,exact_projection,block-01,block,supported,7,8,decision,0.046127333072945476,1/1,5/2
C,exact_projection,block-02,block,supported,7,7,decision,0.02035300014540553,1/4,1/4
C,exact_projection,block-03,block,excluded,7,8,decision,0.039084583055227995,-1/2,0/1
C,exact_projection,block-04,block,supported,8,8,decision,0.023992916103452444,3/4,3/4
C,exact_projection,block-05,block,supported,5,6,decision,0.017526542069390416,1/8,3/8
C,exact_projection,block-06,block,supported,7,7,decision,0.01797791593708098,1/4,1/4
C,exact_projection,block-07,block,supported,8,8,decision,0.03294124989770353,1/2,1/2
C,exact_projection,all-64,primary,supported,49,60,decision,0.2160091248806566,3/64,67/64
C,one_edit_per_image,image-00,singleton,unresolved,1,1,instrument_exhausted,0.006857875036075711,0/1,4/1
C,one_edit_per_image,image-01,singleton,supported,1,1,decision,0.1635059998370707,1/1,7/1
C,one_edit_per_image,image-02,singleton,unresolved,1,1,instrument_exhausted,0.027610457967966795,0/1,6/1
C,one_edit_per_image,image-03,singleton,excluded,1,1,decision,0.006561041809618473,-2/1,0/1
C,one_edit_per_image,image-04,singleton,unresolved,1,1,instrument_exhausted,0.0059633750934153795,-2/1,2/1
C,one_edit_per_image,image-05,singleton,unresolved,1,1,instrument_exhausted,0.005296209128573537,-2/1,2/1
C,one_edit_per_image,image-06,singleton,unresolved,1,1,instrument_exhausted,0.0033610418904572725,-2/1,2/1
C,one_edit_per_image,image-07,singleton,unresolved,1,1,instrument_exhausted,0.005461415974423289,-1/1,3/1
C,one_edit_per_image,image-08,singleton,unresolved,1,1,instrument_exhausted,0.11775795789435506,-4/1,4/1
C,one_edit_per_image,image-09,singleton,unresolved,1,1,instrument_exhausted,0.022876041010022163,-3/1,1/1
C,one_edit_per_image,image-10,singleton,unresolved,1,1,instrument_exhausted,0.008809417020529509,0/1,4/1
C,one_edit_per_image,image-11,singleton,supported,1,1,decision,0.03935812506824732,2/1,6/1
C,one_edit_per_image,image-12,singleton,unresolved,1,1,instrument_exhausted,0.024473999859765172,-3/1,3/1
C,one_edit_per_image,image-13,singleton,supported,1,1,decision,0.19549070810899138,7/1,11/1
C,one_edit_per_image,image-14,singleton,unresolved,1,1,instrument_exhausted,0.027118457946926355,-2/1,2/1
C,one_edit_per_image,image-15,singleton,unresolved,1,1,instrument_exhausted,0.04683870798908174,-1/1,3/1
C,one_edit_per_image,image-16,singleton,unresolved,1,1,instrument_exhausted,0.005033750087022781,-3/1,3/1
C,one_edit_per_image,image-17,singleton,unresolved,1,1,instrument_exhausted,0.00685400003567338,-2/1,2/1
C,one_edit_per_image,image-18,singleton,unresolved,1,1,instrument_exhausted,0.00842133304104209,-2/1,2/1
C,one_edit_per_image,image-19,singleton,unresolved,1,1,instrument_exhausted,0.0036760829389095306,0/1,4/1
C,one_edit_per_image,image-20,singleton,unresolved,1,1,instrument_exhausted,0.004333709133788943,-2/1,2/1
C,one_edit_per_image,image-21,singleton,unresolved,1,1,instrument_exhausted,0.02439729101024568,-1/1,3/1
C,one_edit_per_image,image-22,singleton,unresolved,1,1,instrument_exhausted,0.059346749912947416,-2/1,2/1
C,one_edit_per_image,image-23,singleton,excluded,0,0,decision,3.0124792829155922e-05,0/1,0/1
C,one_edit_per_image,image-24,singleton,unresolved,1,1,instrument_exhausted,0.006235041888430715,-2/1,2/1
C,one_edit_per_image,image-25,singleton,unresolved,1,1,instrument_exhausted,0.025709749897941947,-3/1,1/1
C,one_edit_per_image,image-26,singleton,unresolved,1,1,instrument_exhausted,0.15876712487079203,-7/1,1/1
C,one_edit_per_image,image-27,singleton,unresolved,1,1,instrument_exhausted,0.01080620801076293,-3/1,1/1
C,one_edit_per_image,image-28,singleton,unresolved,1,1,instrument_exhausted,0.0036337911151349545,-2/1,2/1
C,one_edit_per_image,image-29,singleton,unresolved,1,1,instrument_exhausted,0.047455874970182776,-1/1,5/1
C,one_edit_per_image,image-30,singleton,unresolved,1,1,instrument_exhausted,0.12788712489418685,-2/1,4/1
C,one_edit_per_image,image-31,singleton,unresolved,1,1,instrument_exhausted,0.015299791935831308,0/1,4/1
C,one_edit_per_image,image-32,singleton,unresolved,1,1,instrument_exhausted,0.00576795800589025,-1/1,3/1
C,one_edit_per_image,image-33,singleton,supported,1,1,decision,0.026088332990184426,2/1,6/1
C,one_edit_per_image,image-34,singleton,unresolved,1,1,instrument_exhausted,0.03210479114204645,-1/1,3/1
C,one_edit_per_image,image-35,singleton,unresolved,1,1,instrument_exhausted,0.00900629092939198,-2/1,2/1
C,one_edit_per_image,image-36,singleton,unresolved,1,1,instrument_exhausted,0.0031962499488145113,-1/1,1/1
C,one_edit_per_image,image-37,singleton,unresolved,1,1,instrument_exhausted,0.0032349168322980404,-3/1,3/1
C,one_edit_per_image,image-38,singleton,unresolved,1,1,instrument_exhausted,0.011218374827876687,-1/1,3/1
C,one_edit_per_image,image-39,singleton,unresolved,1,1,instrument_exhausted,0.007563125109300017,-3/1,1/1
C,one_edit_per_image,image-40,singleton,unresolved,1,1,instrument_exhausted,0.0671382499858737,-2/1,4/1
C,one_edit_per_image,image-41,singleton,unresolved,1,1,instrument_exhausted,0.006004625000059605,-1/1,3/1
C,one_edit_per_image,image-42,singleton,excluded,0,0,decision,3.0207913368940353e-05,0/1,0/1
C,one_edit_per_image,image-43,singleton,unresolved,1,1,instrument_exhausted,0.0044562919065356255,-3/1,1/1
C,one_edit_per_image,image-44,singleton,unresolved,1,1,instrument_exhausted,0.001729415962472558,-1/1,1/1
C,one_edit_per_image,image-45,singleton,unresolved,1,1,instrument_exhausted,0.045253124786540866,-1/1,3/1
C,one_edit_per_image,image-46,singleton,unresolved,1,1,instrument_exhausted,0.0024312499444931746,-1/1,1/1
C,one_edit_per_image,image-47,singleton,excluded,0,0,decision,2.8959009796380997e-05,0/1,0/1
C,one_edit_per_image,image-48,singleton,unresolved,1,1,instrument_exhausted,0.01151766604743898,-1/1,3/1
C,one_edit_per_image,image-49,singleton,unresolved,1,1,instrument_exhausted,0.0034554998856037855,-2/1,2/1
C,one_edit_per_image,image-50,singleton,unresolved,1,1,instrument_exhausted,0.003606499871239066,0/1,4/1
C,one_edit_per_image,image-51,singleton,unresolved,1,1,instrument_exhausted,0.004826041869819164,-2/1,2/1
C,one_edit_per_image,image-52,singleton,unresolved,1,1,instrument_exhausted,0.009167457930743694,-1/1,3/1
C,one_edit_per_image,image-53,singleton,excluded,0,0,decision,2.979184500873089e-05,0/1,0/1
C,one_edit_per_image,image-54,singleton,unresolved,1,1,instrument_exhausted,0.006424957886338234,-2/1,2/1
C,one_edit_per_image,image-55,singleton,excluded,1,1,decision,0.025330166798084974,-4/1,0/1
C,one_edit_per_image,image-56,singleton,unresolved,1,1,instrument_exhausted,0.00897762505337596,-2/1,2/1
C,one_edit_per_image,image-57,singleton,unresolved,1,1,instrument_exhausted,0.01718487497419119,0/1,4/1
C,one_edit_per_image,image-58,singleton,unresolved,1,1,instrument_exhausted,0.007162957917898893,-1/1,3/1
C,one_edit_per_image,image-59,singleton,unresolved,1,1,instrument_exhausted,0.008138332981616259,-1/1,3/1
C,one_edit_per_image,image-60,singleton,unresolved,1,1,instrument_exhausted,0.11540487501770258,-5/1,1/1
C,one_edit_per_image,image-61,singleton,unresolved,1,1,instrument_exhausted,0.014897583983838558,-3/1,3/1
C,one_edit_per_image,image-62,singleton,supported,1,1,decision,0.0407817920204252,1/1,7/1
C,one_edit_per_image,image-63,singleton,unresolved,1,1,instrument_exhausted,0.00912116700783372,-3/1,1/1
C,one_edit_per_image,block-00,block,unresolved,8,8,instrument_exhausted,0.21808416582643986,-1/1,13/4
C,one_edit_per_image,block-01,block,unresolved,8,8,instrument_exhausted,0.4833261661697179,-1/2,17/4
C,one_edit_per_image,block-02,block,unresolved,7,7,instrument_exhausted,0.11347983311861753,-3/2,9/4
C,one_edit_per_image,block-03,block,unresolved,8,8,instrument_exhausted,0.3909090419765562,-5/2,5/2
C,one_edit_per_image,block-04,block,unresolved,8,8,instrument_exhausted,0.09419845789670944,-5/4,11/4
C,one_edit_per_image,block-05,block,unresolved,6,6,instrument_exhausted,0.12257050001062453,-9/8,13/8
C,one_edit_per_image,block-06,block,unresolved,7,7,instrument_exhausted,0.06143429200164974,-3/2,2/1
C,one_edit_per_image,block-07,block,unresolved,8,8,instrument_exhausted,0.2176111659500748,-7/4,3/1
C,one_edit_per_image,all-64,primary,unresolved,60,60,instrument_exhausted,1.706704790936783,-89/64,173/64
C,one_edit_global,image-00,singleton,unresolved,1,1,instrument_exhausted,0.012342249974608421,0/1,4/1
C,one_edit_global,image-01,singleton,supported,1,1,decision,0.1636566671077162,1/1,7/1
C,one_edit_global,image-02,singleton,unresolved,1,1,instrument_exhausted,0.028011708986014128,0/1,6/1
C,one_edit_global,image-03,singleton,excluded,1,1,decision,0.006447541061788797,-2/1,0/1
C,one_edit_global,image-04,singleton,unresolved,1,1,instrument_exhausted,0.005918208044022322,-2/1,2/1
C,one_edit_global,image-05,singleton,unresolved,1,1,instrument_exhausted,0.005376290995627642,-2/1,2/1
C,one_edit_global,image-06,singleton,unresolved,1,1,instrument_exhausted,0.003035374917089939,-2/1,2/1
C,one_edit_global,image-07,singleton,unresolved,1,1,instrument_exhausted,0.005497334059327841,-1/1,3/1
C,one_edit_global,image-08,singleton,unresolved,1,1,instrument_exhausted,0.11792854219675064,-4/1,4/1
C,one_edit_global,image-09,singleton,unresolved,1,1,instrument_exhausted,0.0234571669716388,-3/1,1/1
C,one_edit_global,image-10,singleton,unresolved,1,1,instrument_exhausted,0.008780124830082059,0/1,4/1
C,one_edit_global,image-11,singleton,supported,1,1,decision,0.038862917106598616,2/1,6/1
C,one_edit_global,image-12,singleton,unresolved,1,1,instrument_exhausted,0.023250750033184886,-3/1,3/1
C,one_edit_global,image-13,singleton,supported,1,1,decision,0.19652504194527864,7/1,11/1
C,one_edit_global,image-14,singleton,unresolved,1,1,instrument_exhausted,0.026906958082690835,-2/1,2/1
C,one_edit_global,image-15,singleton,unresolved,1,1,instrument_exhausted,0.04802237497642636,-1/1,3/1
C,one_edit_global,image-16,singleton,unresolved,1,1,instrument_exhausted,0.005005958024412394,-3/1,3/1
C,one_edit_global,image-17,singleton,unresolved,1,1,instrument_exhausted,0.007308500120416284,-2/1,2/1
C,one_edit_global,image-18,singleton,unresolved,1,1,instrument_exhausted,0.009451666846871376,-2/1,2/1
C,one_edit_global,image-19,singleton,unresolved,1,1,instrument_exhausted,0.0037123749498277903,0/1,4/1
C,one_edit_global,image-20,singleton,unresolved,1,1,instrument_exhausted,0.004445292055606842,-2/1,2/1
C,one_edit_global,image-21,singleton,unresolved,1,1,instrument_exhausted,0.024057958042249084,-1/1,3/1
C,one_edit_global,image-22,singleton,unresolved,1,1,instrument_exhausted,0.05993166589178145,-2/1,2/1
C,one_edit_global,image-23,singleton,excluded,0,0,decision,3.0542025342583656e-05,0/1,0/1
C,one_edit_global,image-24,singleton,unresolved,1,1,instrument_exhausted,0.0064367500599473715,-2/1,2/1
C,one_edit_global,image-25,singleton,unresolved,1,1,instrument_exhausted,0.026119166053831577,-3/1,1/1
C,one_edit_global,image-26,singleton,unresolved,1,1,instrument_exhausted,0.1554971660953015,-7/1,1/1
C,one_edit_global,image-27,singleton,unresolved,1,1,instrument_exhausted,0.011896665906533599,-3/1,1/1
C,one_edit_global,image-28,singleton,unresolved,1,1,instrument_exhausted,0.003675500163808465,-2/1,2/1
C,one_edit_global,image-29,singleton,unresolved,1,1,instrument_exhausted,0.046503292163833976,-1/1,5/1
C,one_edit_global,image-30,singleton,unresolved,1,1,instrument_exhausted,0.12599170813336968,-2/1,4/1
C,one_edit_global,image-31,singleton,unresolved,1,1,instrument_exhausted,0.014592666877433658,0/1,4/1
C,one_edit_global,image-32,singleton,unresolved,1,1,instrument_exhausted,0.0062165409326553345,-1/1,3/1
C,one_edit_global,image-33,singleton,supported,1,1,decision,0.02622524998150766,2/1,6/1
C,one_edit_global,image-34,singleton,unresolved,1,1,instrument_exhausted,0.03167691710405052,-1/1,3/1
C,one_edit_global,image-35,singleton,unresolved,1,1,instrument_exhausted,0.008809625171124935,-2/1,2/1
C,one_edit_global,image-36,singleton,unresolved,1,1,instrument_exhausted,0.0034086250234395266,-1/1,1/1
C,one_edit_global,image-37,singleton,unresolved,1,1,instrument_exhausted,0.0033541249576956034,-3/1,3/1
C,one_edit_global,image-38,singleton,unresolved,1,1,instrument_exhausted,0.011296124896034598,-1/1,3/1
C,one_edit_global,image-39,singleton,unresolved,1,1,instrument_exhausted,0.007770249852910638,-3/1,1/1
C,one_edit_global,image-40,singleton,unresolved,1,1,instrument_exhausted,0.06534725008532405,-2/1,4/1
C,one_edit_global,image-41,singleton,unresolved,1,1,instrument_exhausted,0.006193999899551272,-1/1,3/1
C,one_edit_global,image-42,singleton,excluded,0,0,decision,3.383401781320572e-05,0/1,0/1
C,one_edit_global,image-43,singleton,unresolved,1,1,instrument_exhausted,0.00381062482483685,-3/1,1/1
C,one_edit_global,image-44,singleton,unresolved,1,1,instrument_exhausted,0.0013879172038286924,-1/1,1/1
C,one_edit_global,image-45,singleton,unresolved,1,1,instrument_exhausted,0.04438720806501806,-1/1,3/1
C,one_edit_global,image-46,singleton,unresolved,1,1,instrument_exhausted,0.0025059578474611044,-1/1,1/1
C,one_edit_global,image-47,singleton,excluded,0,0,decision,4.8042042180895805e-05,0/1,0/1
C,one_edit_global,image-48,singleton,unresolved,1,1,instrument_exhausted,0.012069457909092307,-1/1,3/1
C,one_edit_global,image-49,singleton,unresolved,1,1,instrument_exhausted,0.003656666027382016,-2/1,2/1
C,one_edit_global,image-50,singleton,unresolved,1,1,instrument_exhausted,0.003734000027179718,0/1,4/1
C,one_edit_global,image-51,singleton,unresolved,1,1,instrument_exhausted,0.005654250038787723,-2/1,2/1
C,one_edit_global,image-52,singleton,unresolved,1,1,instrument_exhausted,0.01005895808339119,-1/1,3/1
C,one_edit_global,image-53,singleton,excluded,0,0,decision,3.100000321865082e-05,0/1,0/1
C,one_edit_global,image-54,singleton,unresolved,1,1,instrument_exhausted,0.006523583084344864,-2/1,2/1
C,one_edit_global,image-55,singleton,excluded,1,1,decision,0.025348125025629997,-4/1,0/1
C,one_edit_global,image-56,singleton,unresolved,1,1,instrument_exhausted,0.008964666863903403,-2/1,2/1
C,one_edit_global,image-57,singleton,unresolved,1,1,instrument_exhausted,0.017230542143806815,0/1,4/1
C,one_edit_global,image-58,singleton,unresolved,1,1,instrument_exhausted,0.006869708187878132,-1/1,3/1
C,one_edit_global,image-59,singleton,unresolved,1,1,instrument_exhausted,0.008340582950040698,-1/1,3/1
C,one_edit_global,image-60,singleton,unresolved,1,1,instrument_exhausted,0.11419066693633795,-5/1,1/1
C,one_edit_global,image-61,singleton,unresolved,1,1,instrument_exhausted,0.015498415799811482,-3/1,3/1
C,one_edit_global,image-62,singleton,supported,1,1,decision,0.0399061250500381,1/1,7/1
C,one_edit_global,image-63,singleton,unresolved,1,1,instrument_exhausted,0.009005124913528562,-3/1,1/1
C,one_edit_global,block-00,block,supported,6,8,decision,0.20937987486831844,1/4,2/1
C,one_edit_global,block-01,block,supported,7,8,decision,0.45539708295837045,1/2,3/1
C,one_edit_global,block-02,block,unresolved,7,7,instrument_exhausted,0.11367866606451571,0/1,3/4
C,one_edit_global,block-03,block,unresolved,8,8,instrument_exhausted,0.3900506659410894,-1/2,1/2
C,one_edit_global,block-04,block,supported,8,8,decision,0.096464250003919,1/2,5/4
C,one_edit_global,block-05,block,unresolved,6,6,instrument_exhausted,0.12379633402451873,-1/8,5/8
C,one_edit_global,block-06,block,unresolved,7,7,instrument_exhausted,0.061964499996975064,0/1,1/2
C,one_edit_global,block-07,block,unresolved,8,8,instrument_exhausted,0.22952079214155674,0/1,1/1
C,one_edit_global,all-64,primary,supported,50,60,decision,1.6496282080188394,3/64,67/64
D,exact_projection,image-00,singleton,supported,1,1,decision,0.001558666117489338,2/1,2/1
D,exact_projection,image-01,singleton,supported,1,1,decision,0.009324166923761368,3/1,3/1
D,exact_projection,image-02,singleton,supported,1,1,decision,0.0025487078819423914,2/1,2/1
D,exact_projection,image-03,singleton,excluded,1,1,decision,0.0010871670674532652,0/1,0/1
D,exact_projection,image-04,singleton,excluded,1,1,decision,0.0013929158449172974,0/1,0/1
D,exact_projection,image-05,singleton,excluded,1,1,decision,0.0010507500264793634,0/1,0/1
D,exact_projection,image-06,singleton,excluded,1,1,decision,0.0008800418581813574,0/1,0/1
D,exact_projection,image-07,singleton,supported,1,1,decision,0.0009072080720216036,1/1,1/1
D,exact_projection,image-08,singleton,excluded,1,1,decision,0.005984792020171881,0/1,0/1
D,exact_projection,image-09,singleton,excluded,1,1,decision,0.0024617500603199005,-1/1,-1/1
D,exact_projection,image-10,singleton,supported,1,1,decision,0.0015271669253706932,2/1,2/1
D,exact_projection,image-11,singleton,supported,1,1,decision,0.0034580829087644815,4/1,4/1
D,exact_projection,image-12,singleton,excluded,1,1,decision,0.002328959060832858,-1/1,-1/1
D,exact_projection,image-13,singleton,supported,1,1,decision,0.01007891702465713,9/1,9/1
D,exact_projection,image-14,singleton,excluded,1,1,decision,0.0023965840227901936,0/1,0/1
D,exact_projection,image-15,singleton,supported,1,1,decision,0.0030678329057991505,1/1,1/1
D,exact_projection,image-16,singleton,excluded,1,1,decision,0.0009120421018451452,-1/1,-1/1
D,exact_projection,image-17,singleton,excluded,1,1,decision,0.0010102919768542051,0/1,0/1
D,exact_projection,image-18,singleton,excluded,1,1,decision,0.0010164589621126652,0/1,0/1
D,exact_projection,image-19,singleton,supported,1,1,decision,0.0006902911700308323,2/1,2/1
D,exact_projection,image-20,singleton,excluded,1,1,decision,0.0006554170977324247,0/1,0/1
D,exact_projection,image-21,singleton,supported,1,1,decision,0.0019832078833132982,1/1,1/1
D,exact_projection,image-22,singleton,excluded,1,1,decision,0.0031070830300450325,0/1,0/1
D,exact_projection,image-23,singleton,excluded,0,0,decision,2.89171002805233e-05,0/1,0/1
D,exact_projection,image-24,singleton,excluded,1,1,decision,0.001347667071968317,0/1,0/1
D,exact_projection,image-25,singleton,excluded,1,1,decision,0.0020055421628057957,-1/1,-1/1
D,exact_projection,image-26,singleton,excluded,1,1,decision,0.007236083038151264,-3/1,-3/1
D,exact_projection,image-27,singleton,excluded,1,1,decision,0.002099874895066023,-1/1,-1/1
D,exact_projection,image-28,singleton,supported,1,1,decision,0.0008645001798868179,2/1,2/1
D,exact_projection,image-29,singleton,supported,1,1,decision,0.0038159170653671026,1/1,1/1
D,exact_projection,image-30,singleton,excluded,1,1,decision,0.00610016705468297,0/1,0/1
D,exact_projection,image-31,singleton,supported,1,1,decision,0.0021468340419232845,2/1,2/1
D,exact_projection,image-32,singleton,supported,1,1,decision,0.0012129158712923527,1/1,1/1
D,exact_projection,image-33,singleton,supported,1,1,decision,0.0023831671569496393,4/1,4/1
D,exact_projection,image-34,singleton,supported,1,1,decision,0.0023485419806092978,1/1,1/1
D,exact_projection,image-35,singleton,excluded,1,1,decision,0.0014879999216645956,0/1,0/1
D,exact_projection,image-36,singleton,supported,1,1,decision,0.0006804158911108971,1/1,1/1
D,exact_projection,image-37,singleton,excluded,1,1,decision,0.0005871669854968786,-1/1,-1/1
D,exact_projection,image-38,singleton,supported,1,1,decision,0.0013497499749064445,1/1,1/1
D,exact_projection,image-39,singleton,excluded,1,1,decision,0.0009152921847999096,-1/1,-1/1
D,exact_projection,image-40,singleton,excluded,1,1,decision,0.003651999868452549,0/1,0/1
D,exact_projection,image-41,singleton,supported,1,1,decision,0.0008642079774290323,1/1,1/1
D,exact_projection,image-42,singleton,excluded,0,0,decision,3.0667055398225784e-05,0/1,0/1
D,exact_projection,image-43,singleton,excluded,1,1,decision,0.0012192910071462393,-1/1,-1/1
D,exact_projection,image-44,singleton,supported,1,1,decision,0.0006610830314457417,1/1,1/1
D,exact_projection,image-45,singleton,supported,1,1,decision,0.003097333014011383,1/1,1/1
D,exact_projection,image-46,singleton,excluded,1,1,decision,0.0004956249613314867,-1/1,-1/1
D,exact_projection,image-47,singleton,excluded,0,0,decision,2.4624867364764214e-05,0/1,0/1
D,exact_projection,image-48,singleton,supported,1,1,decision,0.0013302089646458626,1/1,1/1
D,exact_projection,image-49,singleton,excluded,1,1,decision,0.0006589160766452551,0/1,0/1
D,exact_projection,image-50,singleton,supported,1,1,decision,0.000829207943752408,2/1,2/1
D,exact_projection,image-51,singleton,excluded,1,1,decision,0.0008234998676925898,0/1,0/1
D,exact_projection,image-52,singleton,supported,1,1,decision,0.001202041981741786,1/1,1/1
D,exact_projection,image-53,singleton,excluded,0,0,decision,2.8999987989664078e-05,0/1,0/1
D,exact_projection,image-54,singleton,excluded,1,1,decision,0.001059708883985877,0/1,0/1
D,exact_projection,image-55,singleton,excluded,1,1,decision,0.0018195840530097485,-2/1,-2/1
D,exact_projection,image-56,singleton,excluded,1,1,decision,0.001172125106677413,0/1,0/1
D,exact_projection,image-57,singleton,supported,1,1,decision,0.0016987500712275505,2/1,2/1
D,exact_projection,image-58,singleton,supported,1,1,decision,0.0010335419792681932,1/1,1/1
D,exact_projection,image-59,singleton,supported,1,1,decision,0.001121666980907321,1/1,1/1
D,exact_projection,image-60,singleton,excluded,1,1,decision,0.005984083982184529,-3/1,-3/1
D,exact_projection,image-61,singleton,supported,1,1,decision,0.0018385420553386211,1/1,1/1
D,exact_projection,image-62,singleton,supported,1,1,decision,0.0036435420624911785,3/1,3/1
D,exact_projection,image-63,singleton,excluded,1,1,decision,0.0011321669444441795,-1/1,-1/1
D,exact_projection,block-00,block,supported,6,8,decision,0.01285154209472239,1/2,3/2
D,exact_projection,block-01,block,supported,7,8,decision,0.026645416161045432,1/1,5/2
D,exact_projection,block-02,block,supported,7,7,decision,0.008527457946911454,1/4,1/4
D,exact_projection,block-03,block,excluded,7,8,decision,0.02189883287064731,-1/2,0/1
D,exact_projection,block-04,block,supported,8,8,decision,0.009536415804177523,3/4,3/4
D,exact_projection,block-05,block,supported,5,6,decision,0.008791209198534489,1/8,3/8
D,exact_projection,block-06,block,supported,7,7,decision,0.006354667013511062,1/4,1/4
D,exact_projection,block-07,block,supported,8,8,decision,0.015918708173558116,1/2,1/2
D,exact_projection,all-64,primary,supported,49,60,decision,0.11594699998386204,3/64,67/64
D,one_edit_per_image,image-00,singleton,unresolved,1,1,instrument_exhausted,0.003569082822650671,0/1,4/1
D,one_edit_per_image,image-01,singleton,supported,1,1,decision,0.010490250075235963,1/1,7/1
D,one_edit_per_image,image-02,singleton,unresolved,1,1,instrument_exhausted,0.0032891249284148216,0/1,6/1
D,one_edit_per_image,image-03,singleton,excluded,1,1,decision,0.0010526669211685658,-2/1,0/1
D,one_edit_per_image,image-04,singleton,unresolved,1,1,instrument_exhausted,0.0009481250308454037,-2/1,2/1
D,one_edit_per_image,image-05,singleton,unresolved,1,1,instrument_exhausted,0.000748916994780302,-2/1,2/1
D,one_edit_per_image,image-06,singleton,unresolved,1,1,instrument_exhausted,0.0005562501028180122,-2/1,2/1
D,one_edit_per_image,image-07,singleton,unresolved,1,1,instrument_exhausted,0.0007725411560386419,-1/1,3/1
D,one_edit_per_image,image-08,singleton,unresolved,1,1,instrument_exhausted,0.006653167074546218,-4/1,4/1
D,one_edit_per_image,image-09,singleton,unresolved,1,1,instrument_exhausted,0.0027712080627679825,-3/1,1/1
D,one_edit_per_image,image-10,singleton,unresolved,1,1,instrument_exhausted,0.0012613330036401749,0/1,4/1
D,one_edit_per_image,image-11,singleton,supported,1,1,decision,0.003721916116774082,2/1,6/1
D,one_edit_per_image,image-12,singleton,unresolved,1,1,instrument_exhausted,0.002641625003889203,-3/1,3/1
D,one_edit_per_image,image-13,singleton,supported,1,1,decision,0.012138374848291278,7/1,11/1
D,one_edit_per_image,image-14,singleton,unresolved,1,1,instrument_exhausted,0.002562082838267088,-2/1,2/1
D,one_edit_per_image,image-15,singleton,unresolved,1,1,instrument_exhausted,0.0033151661045849323,-1/1,3/1
D,one_edit_per_image,image-16,singleton,unresolved,1,1,instrument_exhausted,0.0007945830002427101,-3/1,3/1
D,one_edit_per_image,image-17,singleton,unresolved,1,1,instrument_exhausted,0.001013374887406826,-2/1,2/1
D,one_edit_per_image,image-18,singleton,unresolved,1,1,instrument_exhausted,0.001077875029295683,-2/1,2/1
D,one_edit_per_image,image-19,singleton,unresolved,1,1,instrument_exhausted,0.0008930829353630543,0/1,4/1
D,one_edit_per_image,image-20,singleton,unresolved,1,1,instrument_exhausted,0.0006651249714195728,-2/1,2/1
D,one_edit_per_image,image-21,singleton,unresolved,1,1,instrument_exhausted,0.0022159169893711805,-1/1,3/1
D,one_edit_per_image,image-22,singleton,unresolved,1,1,instrument_exhausted,0.003509917063638568,-2/1,2/1
D,one_edit_per_image,image-23,singleton,excluded,0,0,decision,3.562518395483494e-05,0/1,0/1
D,one_edit_per_image,image-24,singleton,unresolved,1,1,instrument_exhausted,0.0013525830581784248,-2/1,2/1
D,one_edit_per_image,image-25,singleton,unresolved,1,1,instrument_exhausted,0.0023849590215831995,-3/1,1/1
D,one_edit_per_image,image-26,singleton,unresolved,1,1,instrument_exhausted,0.008354249875992537,-7/1,1/1
D,one_edit_per_image,image-27,singleton,unresolved,1,1,instrument_exhausted,0.0017982919234782457,-3/1,1/1
D,one_edit_per_image,image-28,singleton,unresolved,1,1,instrument_exhausted,0.0009120840113610029,-2/1,2/1
D,one_edit_per_image,image-29,singleton,unresolved,1,1,instrument_exhausted,0.004304209025576711,-1/1,5/1
D,one_edit_per_image,image-30,singleton,unresolved,1,1,instrument_exhausted,0.007219708990305662,-2/1,4/1
D,one_edit_per_image,image-31,singleton,unresolved,1,1,instrument_exhausted,0.0021671659778803587,0/1,4/1
D,one_edit_per_image,image-32,singleton,unresolved,1,1,instrument_exhausted,0.0008482080884277821,-1/1,3/1
D,one_edit_per_image,image-33,singleton,supported,1,1,decision,0.0025188750587403774,2/1,6/1
D,one_edit_per_image,image-34,singleton,unresolved,1,1,instrument_exhausted,0.0027541250456124544,-1/1,3/1
D,one_edit_per_image,image-35,singleton,unresolved,1,1,instrument_exhausted,0.0013403331395238638,-2/1,2/1
D,one_edit_per_image,image-36,singleton,unresolved,1,1,instrument_exhausted,0.0005720420740544796,-1/1,1/1
D,one_edit_per_image,image-37,singleton,unresolved,1,1,instrument_exhausted,0.0008020421955734491,-3/1,3/1
D,one_edit_per_image,image-38,singleton,unresolved,1,1,instrument_exhausted,0.0014397909399122,-1/1,3/1
D,one_edit_per_image,image-39,singleton,unresolved,1,1,instrument_exhausted,0.0010630411561578512,-3/1,1/1
D,one_edit_per_image,image-40,singleton,unresolved,1,1,instrument_exhausted,0.004398041171953082,-2/1,4/1
D,one_edit_per_image,image-41,singleton,unresolved,1,1,instrument_exhausted,0.0010699168778955936,-1/1,3/1
D,one_edit_per_image,image-42,singleton,excluded,0,0,decision,3.116694279015064e-05,0/1,0/1
D,one_edit_per_image,image-43,singleton,unresolved,1,1,instrument_exhausted,0.0009431249927729368,-3/1,1/1
D,one_edit_per_image,image-44,singleton,unresolved,1,1,instrument_exhausted,0.0006250001024454832,-1/1,1/1
D,one_edit_per_image,image-45,singleton,unresolved,1,1,instrument_exhausted,0.0035488330759108067,-1/1,3/1
D,one_edit_per_image,image-46,singleton,unresolved,1,1,instrument_exhausted,0.0009610000997781754,-1/1,1/1
D,one_edit_per_image,image-47,singleton,excluded,0,0,decision,3.0375085771083832e-05,0/1,0/1
D,one_edit_per_image,image-48,singleton,unresolved,1,1,instrument_exhausted,0.0014886250719428062,-1/1,3/1
D,one_edit_per_image,image-49,singleton,unresolved,1,1,instrument_exhausted,0.0006372500211000443,-2/1,2/1
D,one_edit_per_image,image-50,singleton,unresolved,1,1,instrument_exhausted,0.0007032500579953194,0/1,4/1
D,one_edit_per_image,image-51,singleton,unresolved,1,1,instrument_exhausted,0.0007350000087171793,-2/1,2/1
D,one_edit_per_image,image-52,singleton,unresolved,1,1,instrument_exhausted,0.001173041993752122,-1/1,3/1
D,one_edit_per_image,image-53,singleton,excluded,0,0,decision,2.674991264939308e-05,0/1,0/1
D,one_edit_per_image,image-54,singleton,unresolved,1,1,instrument_exhausted,0.0011548749171197414,-2/1,2/1
D,one_edit_per_image,image-55,singleton,excluded,1,1,decision,0.0019535000901669264,-4/1,0/1
D,one_edit_per_image,image-56,singleton,unresolved,1,1,instrument_exhausted,0.0011571669019758701,-2/1,2/1
D,one_edit_per_image,image-57,singleton,unresolved,1,1,instrument_exhausted,0.0017510829493403435,0/1,4/1
D,one_edit_per_image,image-58,singleton,unresolved,1,1,instrument_exhausted,0.0007955410983413458,-1/1,3/1
D,one_edit_per_image,image-59,singleton,unresolved,1,1,instrument_exhausted,0.0008817089255899191,-1/1,3/1
D,one_edit_per_image,image-60,singleton,unresolved,1,1,instrument_exhausted,0.006804791046306491,-5/1,1/1
D,one_edit_per_image,image-61,singleton,unresolved,1,1,instrument_exhausted,0.002150709042325616,-3/1,3/1
D,one_edit_per_image,image-62,singleton,supported,1,1,decision,0.0038307078648358583,1/1,7/1
D,one_edit_per_image,image-63,singleton,unresolved,1,1,instrument_exhausted,0.0015388750471174717,-3/1,1/1
D,one_edit_per_image,block-00,block,unresolved,8,8,instrument_exhausted,0.015867041191086173,-1/1,13/4
D,one_edit_per_image,block-01,block,unresolved,8,8,instrument_exhausted,0.031824707984924316,-1/2,17/4
D,one_edit_per_image,block-02,block,unresolved,7,7,instrument_exhausted,0.009025499923154712,-3/2,9/4
D,one_edit_per_image,block-03,block,unresolved,8,8,instrument_exhausted,0.024832916911691427,-5/2,5/2
D,one_edit_per_image,block-04,block,unresolved,8,8,instrument_exhausted,0.009855750016868114,-5/4,11/4
D,one_edit_per_image,block-05,block,unresolved,6,6,instrument_exhausted,0.009440707974135876,-9/8,13/8
D,one_edit_per_image,block-06,block,unresolved,7,7,instrument_exhausted,0.006927415961399674,-3/2,2/1
D,one_edit_per_image,block-07,block,unresolved,8,8,instrument_exhausted,0.017899665981531143,-7/4,3/1
D,one_edit_per_image,all-64,primary,unresolved,60,60,instrument_exhausted,0.13535766606219113,-89/64,173/64
D,one_edit_global,image-00,singleton,unresolved,1,1,instrument_exhausted,0.0035089580342173576,0/1,4/1
D,one_edit_global,image-01,singleton,supported,1,1,decision,0.009734292048960924,1/1,7/1
D,one_edit_global,image-02,singleton,unresolved,1,1,instrument_exhausted,0.003261416917666793,0/1,6/1
D,one_edit_global,image-03,singleton,excluded,1,1,decision,0.00118629215285182,-2/1,0/1
D,one_edit_global,image-04,singleton,unresolved,1,1,instrument_exhausted,0.0011293338611721992,-2/1,2/1
D,one_edit_global,image-05,singleton,unresolved,1,1,instrument_exhausted,0.0009725838899612427,-2/1,2/1
D,one_edit_global,image-06,singleton,unresolved,1,1,instrument_exhausted,0.0005474169738590717,-2/1,2/1
D,one_edit_global,image-07,singleton,unresolved,1,1,instrument_exhausted,0.0008536670356988907,-1/1,3/1
D,one_edit_global,image-08,singleton,unresolved,1,1,instrument_exhausted,0.006606832845136523,-4/1,4/1
D,one_edit_global,image-09,singleton,unresolved,1,1,instrument_exhausted,0.002755125053226948,-3/1,1/1
D,one_edit_global,image-10,singleton,unresolved,1,1,instrument_exhausted,0.0016820000018924475,0/1,4/1
D,one_edit_global,image-11,singleton,supported,1,1,decision,0.0038292910903692245,2/1,6/1
D,one_edit_global,image-12,singleton,unresolved,1,1,instrument_exhausted,0.002476583933457732,-3/1,3/1
D,one_edit_global,image-13,singleton,supported,1,1,decision,0.01152358390390873,7/1,11/1
D,one_edit_global,image-14,singleton,unresolved,1,1,instrument_exhausted,0.0025688749738037586,-2/1,2/1
D,one_edit_global,image-15,singleton,unresolved,1,1,instrument_exhausted,0.00365545810200274,-1/1,3/1
D,one_edit_global,image-16,singleton,unresolved,1,1,instrument_exhausted,0.0009790000040084124,-3/1,3/1
D,one_edit_global,image-17,singleton,unresolved,1,1,instrument_exhausted,0.0010312080848962069,-2/1,2/1
D,one_edit_global,image-18,singleton,unresolved,1,1,instrument_exhausted,0.0010571249295026064,-2/1,2/1
D,one_edit_global,image-19,singleton,unresolved,1,1,instrument_exhausted,0.0012433750089257956,0/1,4/1
D,one_edit_global,image-20,singleton,unresolved,1,1,instrument_exhausted,0.0009021249134093523,-2/1,2/1
D,one_edit_global,image-21,singleton,unresolved,1,1,instrument_exhausted,0.002378541976213455,-1/1,3/1
D,one_edit_global,image-22,singleton,unresolved,1,1,instrument_exhausted,0.003558791009709239,-2/1,2/1
D,one_edit_global,image-23,singleton,excluded,0,0,decision,3.200001083314419e-05,0/1,0/1
D,one_edit_global,image-24,singleton,unresolved,1,1,instrument_exhausted,0.0012815420050173998,-2/1,2/1
D,one_edit_global,image-25,singleton,unresolved,1,1,instrument_exhausted,0.0024191660340875387,-3/1,1/1
D,one_edit_global,image-26,singleton,unresolved,1,1,instrument_exhausted,0.008849916979670525,-7/1,1/1
D,one_edit_global,image-27,singleton,unresolved,1,1,instrument_exhausted,0.0017716661095619202,-3/1,1/1
D,one_edit_global,image-28,singleton,unresolved,1,1,instrument_exhausted,0.0006352921482175589,-2/1,2/1
D,one_edit_global,image-29,singleton,unresolved,1,1,instrument_exhausted,0.00399529212154448,-1/1,5/1
D,one_edit_global,image-30,singleton,unresolved,1,1,instrument_exhausted,0.007162082940340042,-2/1,4/1
D,one_edit_global,image-31,singleton,unresolved,1,1,instrument_exhausted,0.002060916041955352,0/1,4/1
D,one_edit_global,image-32,singleton,unresolved,1,1,instrument_exhausted,0.0008599997963756323,-1/1,3/1
D,one_edit_global,image-33,singleton,supported,1,1,decision,0.0024762500543147326,2/1,6/1
D,one_edit_global,image-34,singleton,unresolved,1,1,instrument_exhausted,0.0025525419041514397,-1/1,3/1
D,one_edit_global,image-35,singleton,unresolved,1,1,instrument_exhausted,0.0013799159787595272,-2/1,2/1
D,one_edit_global,image-36,singleton,unresolved,1,1,instrument_exhausted,0.0006962500046938658,-1/1,1/1
D,one_edit_global,image-37,singleton,unresolved,1,1,instrument_exhausted,0.000628374982625246,-3/1,3/1
D,one_edit_global,image-38,singleton,unresolved,1,1,instrument_exhausted,0.0014308339450508356,-1/1,3/1
D,one_edit_global,image-39,singleton,unresolved,1,1,instrument_exhausted,0.0010394998826086521,-3/1,1/1
D,one_edit_global,image-40,singleton,unresolved,1,1,instrument_exhausted,0.004200374940410256,-2/1,4/1
D,one_edit_global,image-41,singleton,unresolved,1,1,instrument_exhausted,0.0011957080569118261,-1/1,3/1
D,one_edit_global,image-42,singleton,excluded,0,0,decision,3.0916882678866386e-05,0/1,0/1
D,one_edit_global,image-43,singleton,unresolved,1,1,instrument_exhausted,0.001656833104789257,-3/1,1/1
D,one_edit_global,image-44,singleton,unresolved,1,1,instrument_exhausted,0.0005917919334024191,-1/1,1/1
D,one_edit_global,image-45,singleton,unresolved,1,1,instrument_exhausted,0.003436374943703413,-1/1,3/1
D,one_edit_global,image-46,singleton,unresolved,1,1,instrument_exhausted,0.0007148340810090303,-1/1,1/1
D,one_edit_global,image-47,singleton,excluded,0,0,decision,3.1750183552503586e-05,0/1,0/1
D,one_edit_global,image-48,singleton,unresolved,1,1,instrument_exhausted,0.001500000013038516,-1/1,3/1
D,one_edit_global,image-49,singleton,unresolved,1,1,instrument_exhausted,0.0006797090172767639,-2/1,2/1
D,one_edit_global,image-50,singleton,unresolved,1,1,instrument_exhausted,0.0007329999934881926,0/1,4/1
D,one_edit_global,image-51,singleton,unresolved,1,1,instrument_exhausted,0.0008106669411063194,-2/1,2/1
D,one_edit_global,image-52,singleton,unresolved,1,1,instrument_exhausted,0.0012980839237570763,-1/1,3/1
D,one_edit_global,image-53,singleton,excluded,0,0,decision,3.2250070944428444e-05,0/1,0/1
D,one_edit_global,image-54,singleton,unresolved,1,1,instrument_exhausted,0.0009674578905105591,-2/1,2/1
D,one_edit_global,image-55,singleton,excluded,1,1,decision,0.0018880830612033606,-4/1,0/1
D,one_edit_global,image-56,singleton,unresolved,1,1,instrument_exhausted,0.0011765409726649523,-2/1,2/1
D,one_edit_global,image-57,singleton,unresolved,1,1,instrument_exhausted,0.0018967499490827322,0/1,4/1
D,one_edit_global,image-58,singleton,unresolved,1,1,instrument_exhausted,0.0009757920634001493,-1/1,3/1
D,one_edit_global,image-59,singleton,unresolved,1,1,instrument_exhausted,0.0009954168926924467,-1/1,3/1
D,one_edit_global,image-60,singleton,unresolved,1,1,instrument_exhausted,0.006873625097796321,-5/1,1/1
D,one_edit_global,image-61,singleton,unresolved,1,1,instrument_exhausted,0.0017205418553203344,-3/1,3/1
D,one_edit_global,image-62,singleton,supported,1,1,decision,0.0038010000716894865,1/1,7/1
D,one_edit_global,image-63,singleton,unresolved,1,1,instrument_exhausted,0.0014400410000234842,-3/1,1/1
D,one_edit_global,block-00,block,supported,6,8,decision,0.014574040891602635,1/4,2/1
D,one_edit_global,block-01,block,supported,7,8,decision,0.029614208033308387,1/2,3/1
D,one_edit_global,block-02,block,unresolved,7,7,instrument_exhausted,0.009556083008646965,0/1,3/4
D,one_edit_global,block-03,block,unresolved,8,8,instrument_exhausted,0.025765249971300364,-1/2,1/2
D,one_edit_global,block-04,block,supported,8,8,decision,0.010137166827917099,1/2,5/4
D,one_edit_global,block-05,block,unresolved,6,6,instrument_exhausted,0.00947191589511931,-1/8,5/8
D,one_edit_global,block-06,block,unresolved,7,7,instrument_exhausted,0.006918666884303093,0/1,1/2
D,one_edit_global,block-07,block,unresolved,8,8,instrument_exhausted,0.01720279105938971,0/1,1/1
D,one_edit_global,all-64,primary,supported,50,60,decision,0.1299167920369655,3/64,67/64
