model,cell_id,threshold_left,threshold_right,left_closed,right_closed,false_positives,misses,predictions,matching_rank,references,unit_loss
YOLO11n,cell-0000,1/4,5101383924484253/20000000000000000,True,False,127,135,297,170,305,262
YOLO11n,cell-0001,5101383924484253/20000000000000000,5124431848526001/20000000000000000,True,False,126,135,296,170,305,261
YOLO11n,cell-0002,5124431848526001/20000000000000000,1283547282218933/5000000000000000,True,False,126,136,295,169,305,262
YOLO11n,cell-0003,1283547282218933/5000000000000000,25780555605888367/100000000000000000,True,False,125,136,294,169,305,261
YOLO11n,cell-0004,25780555605888367/100000000000000000,5180201530456543/20000000000000000,True,False,124,136,293,169,305,260
YOLO11n,cell-0005,5180201530456543/20000000000000000,80978749319911/312500000000000,True,False,123,136,292,169,305,259
YOLO11n,cell-0006,80978749319911/312500000000000,13021649420261383/50000000000000000,True,False,122,136,291,169,305,258
YOLO11n,cell-0007,13021649420261383/50000000000000000,1305423527956009/5000000000000000,True,False,121,136,290,169,305,257
YOLO11n,cell-0008,1305423527956009/5000000000000000,13063758611679077/50000000000000000,True,False,120,136,289,169,305,256
YOLO11n,cell-0009,13063758611679077/50000000000000000,26400062441825867/100000000000000000,True,False,119,136,288,169,305,255
YOLO11n,cell-0010,26400062441825867/100000000000000000,2646734416484833/10000000000000000,True,False,118,136,287,169,305,254
YOLO11n,cell-0011,2646734416484833/10000000000000000,2654964029788971/10000000000000000,True,False,117,136,286,169,305,253
YOLO11n,cell-0012,2654964029788971/10000000000000000,1334129273891449/5000000000000000,True,False,116,136,285,169,305,252
YOLO11n,cell-0013,1334129273891449/5000000000000000,66724494099617/250000000000000,True,False,115,136,284,169,305,251
YOLO11n,cell-0014,66724494099617/250000000000000,26822352409362793/100000000000000000,True,False,114,136,283,169,305,250
YOLO11n,cell-0015,26822352409362793/100000000000000000,27236825227737427/100000000000000000,True,False,113,136,282,169,305,249
YOLO11n,cell-0016,27236825227737427/100000000000000000,13669760525226593/50000000000000000,True,False,112,136,281,169,305,248
YOLO11n,cell-0017,13669760525226593/50000000000000000,343470424413681/1250000000000000,True,False,111,136,280,169,305,247
YOLO11n,cell-0018,343470424413681/1250000000000000,27570822834968567/100000000000000000,True,False,111,137,279,168,305,248
YOLO11n,cell-0019,27570822834968567/100000000000000000,1386551856994629/5000000000000000,True,False,110,137,278,168,305,247
YOLO11n,cell-0020,1386551856994629/5000000000000000,3473488986492157/12500000000000000,True,False,109,137,277,168,305,246
YOLO11n,cell-0021,3473488986492157/12500000000000000,2779640853404999/10000000000000000,True,False,108,137,276,168,305,245
YOLO11n,cell-0022,2779640853404999/10000000000000000,348382294178009/1250000000000000,True,False,107,137,275,168,305,244
YOLO11n,cell-0023,348382294178009/1250000000000000,1411479413509369/5000000000000000,True,False,106,137,274,168,305,243
YOLO11n,cell-0024,1411479413509369/5000000000000000,5654134750366211/20000000000000000,True,False,106,138,273,167,305,244
YOLO11n,cell-0025,5654134750366211/20000000000000000,7100255787372589/25000000000000000,True,False,105,138,272,167,305,243
YOLO11n,cell-0026,7100255787372589/25000000000000000,2844279110431671/10000000000000000,True,False,104,138,271,167,305,242
YOLO11n,cell-0027,2844279110431671/10000000000000000,28505459427833557/100000000000000000,True,False,103,138,270,167,305,241
YOLO11n,cell-0028,28505459427833557/100000000000000000,14257553219795227/50000000000000000,True,False,103,139,269,166,305,242
YOLO11n,cell-0029,14257553219795227/50000000000000000,28601381182670593/100000000000000000,True,False,102,139,268,166,305,241
YOLO11n,cell-0030,28601381182670593/100000000000000000,5726117491722107/20000000000000000,True,False,101,139,267,166,305,240
YOLO11n,cell-0031,5726117491722107/20000000000000000,1445785015821457/5000000000000000,True,False,101,140,266,165,305,241
YOLO11n,cell-0032,1445785015821457/5000000000000000,364416241645813/1250000000000000,True,False,100,140,265,165,305,240
YOLO11n,cell-0033,364416241645813/1250000000000000,2930668592453003/10000000000000000,True,False,100,141,264,164,305,241
YOLO11n,cell-0034,2930668592453003/10000000000000000,14666716754436493/50000000000000000,True,False,100,142,263,163,305,242
YOLO11n,cell-0035,14666716754436493/50000000000000000,5925866961479187/20000000000000000,True,False,99,142,262,163,305,241
YOLO11n,cell-0036,5925866961479187/20000000000000000,29684391617774963/100000000000000000,True,False,98,142,261,163,305,240
YOLO11n,cell-0037,29684391617774963/100000000000000000,5982663631439209/20000000000000000,True,False,97,142,260,163,305,239
YOLO11n,cell-0038,5982663631439209/20000000000000000,375528484582901/1250000000000000,True,False,96,142,259,163,305,238
YOLO11n,cell-0039,375528484582901/1250000000000000,3013574481010437/10000000000000000,True,False,95,142,258,163,305,237
YOLO11n,cell-0040,3013574481010437/10000000000000000,7585868239402771/25000000000000000,True,False,94,142,257,163,305,236
YOLO11n,cell-0041,7585868239402771/25000000000000000,189684946089983/625000000000000,True,False,93,142,256,163,305,235
YOLO11n,cell-0042,189684946089983/625000000000000,1522708684206009/5000000000000000,True,False,92,142,255,163,305,234
YOLO11n,cell-0043,1522708684206009/5000000000000000,614943265914917/2000000000000000,True,False,91,142,254,163,305,233
YOLO11n,cell-0044,614943265914917/2000000000000000,30922839045524597/100000000000000000,True,False,90,142,253,163,305,232
YOLO11n,cell-0045,30922839045524597/100000000000000000,309906929731369/1000000000000000,True,False,89,142,252,163,305,231
YOLO11n,cell-0046,309906929731369/1000000000000000,6211773157119751/20000000000000000,True,False,89,143,251,162,305,232
YOLO11n,cell-0047,6211773157119751/20000000000000000,1565229743719101/5000000000000000,True,False,88,143,250,162,305,231
YOLO11n,cell-0048,1565229743719101/5000000000000000,3944704681634903/12500000000000000,True,False,87,143,249,162,305,230
YOLO11n,cell-0049,3944704681634903/12500000000000000,3167286217212677/10000000000000000,True,False,86,143,248,162,305,229
YOLO11n,cell-0050,3167286217212677/10000000000000000,3191157877445221/10000000000000000,True,False,85,143,247,162,305,228
YOLO11n,cell-0051,3191157877445221/10000000000000000,15986955165863037/50000000000000000,True,False,85,144,246,161,305,229
YOLO11n,cell-0052,15986955165863037/50000000000000000,3207913041114807/10000000000000000,True,False,84,144,245,161,305,228
YOLO11n,cell-0053,3207913041114807/10000000000000000,4010598361492157/12500000000000000,True,False,84,145,244,160,305,229
YOLO11n,cell-0054,4010598361492157/12500000000000000,16102316975593567/50000000000000000,True,False,83,145,243,160,305,228
YOLO11n,cell-0055,16102316975593567/50000000000000000,818391814827919/2500000000000000,True,False,83,146,242,159,305,229
YOLO11n,cell-0056,818391814827919/2500000000000000,6553540825843811/20000000000000000,True,False,82,146,241,159,305,228
YOLO11n,cell-0057,6553540825843811/20000000000000000,8266071230173111/25000000000000000,True,False,81,146,240,159,305,227
YOLO11n,cell-0058,8266071230173111/25000000000000000,1045349333435297/3125000000000000,True,False,80,146,239,159,305,226
YOLO11n,cell-0059,1045349333435297/3125000000000000,33523866534233093/100000000000000000,True,False,79,146,238,159,305,225
YOLO11n,cell-0060,33523866534233093/100000000000000000,1059742271900177/3125000000000000,True,False,78,146,237,159,305,224
YOLO11n,cell-0061,1059742271900177/3125000000000000,33945325016975403/100000000000000000,True,False,77,146,236,159,305,223
YOLO11n,cell-0062,33945325016975403/100000000000000000,212254598736763/625000000000000,True,False,77,147,235,158,305,224
YOLO11n,cell-0063,212254598736763/625000000000000,3419094681739807/10000000000000000,True,False,77,148,234,157,305,225
YOLO11n,cell-0064,3419094681739807/10000000000000000,1720016598701477/5000000000000000,True,False,76,148,233,157,305,224
YOLO11n,cell-0065,1720016598701477/5000000000000000,34655043482780457/100000000000000000,True,False,76,149,232,156,305,225
YOLO11n,cell-0066,34655043482780457/100000000000000000,6962965726852417/20000000000000000,True,False,75,149,231,156,305,224
YOLO11n,cell-0067,6962965726852417/20000000000000000,17465919256210327/50000000000000000,True,False,75,150,230,155,305,225
YOLO11n,cell-0068,17465919256210327/50000000000000000,699732780456543/2000000000000000,True,False,75,151,229,154,305,226
YOLO11n,cell-0069,699732780456543/2000000000000000,3580537438392639/10000000000000000,True,False,74,151,228,154,305,225
YOLO11n,cell-0070,3580537438392639/10000000000000000,7177494764328003/20000000000000000,True,False,74,152,227,153,305,226
YOLO11n,cell-0071,7177494764328003/20000000000000000,3618805408477783/10000000000000000,True,False,74,153,226,152,305,227
YOLO11n,cell-0072,3618805408477783/10000000000000000,728017270565033/2000000000000000,True,False,74,154,225,151,305,228
YOLO11n,cell-0073,728017270565033/2000000000000000,3647362291812897/10000000000000000,True,False,73,154,224,151,305,227
YOLO11n,cell-0074,3647362291812897/10000000000000000,146096932888031/400000000000000,True,False,72,154,223,151,305,226
YOLO11n,cell-0075,146096932888031/400000000000000,3653861880302429/10000000000000000,True,False,71,154,222,151,305,225
YOLO11n,cell-0076,3653861880302429/10000000000000000,919380933046341/2500000000000000,True,False,70,154,221,151,305,224
YOLO11n,cell-0077,919380933046341/2500000000000000,9247744083404541/25000000000000000,True,False,69,154,220,151,305,223
YOLO11n,cell-0078,9247744083404541/25000000000000000,739916980266571/2000000000000000,True,False,69,155,219,150,305,224
YOLO11n,cell-0079,739916980266571/2000000000000000,3716457486152649/10000000000000000,True,False,68,155,218,150,305,223
YOLO11n,cell-0080,3716457486152649/10000000000000000,7442353367805481/20000000000000000,True,False,67,155,217,150,305,222
YOLO11n,cell-0081,7442353367805481/20000000000000000,37255924940109253/100000000000000000,True,False,67,156,216,149,305,223
YOLO11n,cell-0082,37255924940109253/100000000000000000,931994616985321/2500000000000000,True,False,66,156,215,149,305,222
YOLO11n,cell-0083,931994616985321/2500000000000000,7477869987487793/20000000000000000,True,False,65,156,214,149,305,221
YOLO11n,cell-0084,7477869987487793/20000000000000000,37947365641593933/100000000000000000,True,False,64,156,213,149,305,220
YOLO11n,cell-0085,37947365641593933/100000000000000000,474393330514431/1250000000000000,True,False,63,156,212,149,305,219
YOLO11n,cell-0086,474393330514431/1250000000000000,383911669254303/1000000000000000,True,False,62,156,211,149,305,218
YOLO11n,cell-0087,383911669254303/1000000000000000,480102002620697/1250000000000000,True,False,62,157,210,148,305,219
YOLO11n,cell-0088,480102002620697/1250000000000000,38619372248649597/100000000000000000,True,False,62,158,209,147,305,220
YOLO11n,cell-0089,38619372248649597/100000000000000000,241553895175457/625000000000000,True,False,62,159,208,146,305,221
YOLO11n,cell-0090,241553895175457/625000000000000,38665691018104553/100000000000000000,True,False,62,160,207,145,305,222
YOLO11n,cell-0091,38665691018104553/100000000000000000,9693591296672821/25000000000000000,True,False,61,160,206,145,305,221
YOLO11n,cell-0092,9693591296672821/25000000000000000,3877904713153839/10000000000000000,True,False,60,160,205,145,305,220
YOLO11n,cell-0093,3877904713153839/10000000000000000,3910408020019531/10000000000000000,True,False,60,161,204,144,305,221
YOLO11n,cell-0094,3910408020019531/10000000000000000,7870815396308899/20000000000000000,True,False,60,162,203,143,305,222
YOLO11n,cell-0095,7870815396308899/20000000000000000,1976349651813507/5000000000000000,True,False,60,163,202,142,305,223
YOLO11n,cell-0096,1976349651813507/5000000000000000,39618968963623047/100000000000000000,True,False,59,163,201,142,305,222
YOLO11n,cell-0097,39618968963623047/100000000000000000,1994917243719101/5000000000000000,True,False,59,164,200,141,305,223
YOLO11n,cell-0098,1994917243719101/5000000000000000,50028245896101/125000000000000,True,False,58,164,199,141,305,222
YOLO11n,cell-0099,50028245896101/125000000000000,20012974739074707/50000000000000000,True,False,57,164,198,141,305,221
YOLO11n,cell-0100,20012974739074707/50000000000000000,40092411637306213/100000000000000000,True,False,56,164,197,141,305,220
YOLO11n,cell-0101,40092411637306213/100000000000000000,4028167426586151/10000000000000000,True,False,55,164,196,141,305,219
YOLO11n,cell-0102,4028167426586151/10000000000000000,4049404263496399/10000000000000000,True,False,54,164,195,141,305,218
YOLO11n,cell-0103,4049404263496399/10000000000000000,20289944112300873/50000000000000000,True,False,53,164,194,141,305,217
YOLO11n,cell-0104,20289944112300873/50000000000000000,41164854168891907/100000000000000000,True,False,52,164,193,141,305,216
YOLO11n,cell-0105,41164854168891907/100000000000000000,2062952220439911/5000000000000000,True,False,51,164,192,141,305,215
YOLO11n,cell-0106,2062952220439911/5000000000000000,2063145786523819/5000000000000000,True,False,50,164,191,141,305,214
YOLO11n,cell-0107,2063145786523819/5000000000000000,20805196464061737/50000000000000000,True,False,49,164,190,141,305,213
YOLO11n,cell-0108,20805196464061737/50000000000000000,4177917242050171/10000000000000000,True,False,48,164,189,141,305,212
YOLO11n,cell-0109,4177917242050171/10000000000000000,10504026710987091/25000000000000000,True,False,47,164,188,141,305,211
YOLO11n,cell-0110,10504026710987091/25000000000000000,2111077904701233/5000000000000000,True,False,46,164,187,141,305,210
YOLO11n,cell-0111,2111077904701233/5000000000000000,169568932056427/400000000000000,True,False,46,165,186,140,305,211
YOLO11n,cell-0112,169568932056427/400000000000000,1060706228017807/2500000000000000,True,False,45,165,185,140,305,210
YOLO11n,cell-0113,1060706228017807/2500000000000000,21302691102027893/50000000000000000,True,False,45,166,184,139,305,211
YOLO11n,cell-0114,21302691102027893/50000000000000000,8541325330734253/20000000000000000,True,False,45,167,183,138,305,212
YOLO11n,cell-0115,8541325330734253/20000000000000000,42730414867401123/100000000000000000,True,False,44,167,182,138,305,211
YOLO11n,cell-0116,42730414867401123/100000000000000000,2136804610490799/5000000000000000,True,False,43,167,181,138,305,210
YOLO11n,cell-0117,2136804610490799/5000000000000000,2724725566804409/6250000000000000,True,False,42,167,180,138,305,209
YOLO11n,cell-0118,2724725566804409/6250000000000000,10945083200931549/25000000000000000,True,False,42,168,179,137,305,210
YOLO11n,cell-0119,10945083200931549/25000000000000000,4410291910171509/10000000000000000,True,False,41,168,178,137,305,209
YOLO11n,cell-0120,4410291910171509/10000000000000000,5526401475071907/12500000000000000,True,False,40,168,177,137,305,208
YOLO11n,cell-0121,5526401475071907/12500000000000000,4431484639644623/10000000000000000,True,False,40,169,176,136,305,209
YOLO11n,cell-0122,4431484639644623/10000000000000000,4457928538322449/10000000000000000,True,False,39,169,175,136,305,208
YOLO11n,cell-0123,4457928538322449/10000000000000000,44907116889953613/100000000000000000,True,False,38,169,174,136,305,207
YOLO11n,cell-0124,44907116889953613/100000000000000000,4578700661659241/10000000000000000,True,False,38,170,173,135,305,208
YOLO11n,cell-0125,4578700661659241/10000000000000000,45814433693885803/100000000000000000,True,False,37,170,172,135,305,207
YOLO11n,cell-0126,45814433693885803/100000000000000000,46292421221733093/100000000000000000,True,False,37,171,171,134,305,208
YOLO11n,cell-0127,46292421221733093/100000000000000000,2321779578924179/5000000000000000,True,False,37,172,170,133,305,209
YOLO11n,cell-0128,2321779578924179/5000000000000000,2332610934972763/5000000000000000,True,False,37,173,169,132,305,210
YOLO11n,cell-0129,2332610934972763/5000000000000000,1170593872666359/2500000000000000,True,False,37,174,168,131,305,211
YOLO11n,cell-0130,1170593872666359/2500000000000000,23553618788719177/50000000000000000,True,False,37,175,167,130,305,212
YOLO11n,cell-0131,23553618788719177/50000000000000000,4712275564670563/10000000000000000,True,False,36,175,166,130,305,211
YOLO11n,cell-0132,4712275564670563/10000000000000000,4716944396495819/10000000000000000,True,False,35,175,165,130,305,210
YOLO11n,cell-0133,4716944396495819/10000000000000000,4744192957878113/10000000000000000,True,False,35,176,164,129,305,211
YOLO11n,cell-0134,4744192957878113/10000000000000000,1197604164481163/2500000000000000,True,False,35,177,163,128,305,212
YOLO11n,cell-0135,1197604164481163/2500000000000000,965361475944519/2000000000000000,True,False,34,177,162,128,305,211
YOLO11n,cell-0136,965361475944519/2000000000000000,4849502742290497/10000000000000000,True,False,34,178,161,127,305,212
YOLO11n,cell-0137,4849502742290497/10000000000000000,121891088783741/250000000000000,True,False,34,179,160,126,305,213
YOLO11n,cell-0138,121891088783741/250000000000000,24536512792110443/50000000000000000,True,False,34,180,159,125,305,214
YOLO11n,cell-0139,24536512792110443/50000000000000000,24807600677013397/50000000000000000,True,False,34,181,158,124,305,215
YOLO11n,cell-0140,24807600677013397/50000000000000000,3119657002389431/6250000000000000,True,False,33,181,157,124,305,214
YOLO11n,cell-0141,3119657002389431/6250000000000000,32907/65536,True,False,32,181,156,124,305,213
YOLO11n,cell-0142,32907/65536,2517324984073639/5000000000000000,True,False,32,182,155,123,305,214
YOLO11n,cell-0143,2517324984073639/5000000000000000,2527444362640381/5000000000000000,True,False,32,183,154,122,305,215
YOLO11n,cell-0144,2527444362640381/5000000000000000,2567906677722931/5000000000000000,True,False,32,184,153,121,305,216
YOLO11n,cell-0145,2567906677722931/5000000000000000,161519106477499/312500000000000,True,False,31,184,152,121,305,215
YOLO11n,cell-0146,161519106477499/312500000000000,5181799530982971/10000000000000000,True,False,30,184,151,121,305,214
YOLO11n,cell-0147,5181799530982971/10000000000000000,5207837224006653/10000000000000000,True,False,29,184,150,121,305,213
YOLO11n,cell-0148,5207837224006653/10000000000000000,5319038033485413/10000000000000000,True,False,29,185,149,120,305,214
YOLO11n,cell-0149,5319038033485413/10000000000000000,5331491827964783/10000000000000000,True,False,28,185,148,120,305,213
YOLO11n,cell-0150,5331491827964783/10000000000000000,5363252758979797/10000000000000000,True,False,28,186,147,119,305,214
YOLO11n,cell-0151,5363252758979797/10000000000000000,268687903881073/500000000000000,True,False,28,187,146,118,305,215
YOLO11n,cell-0152,268687903881073/500000000000000,134370818734169/250000000000000,True,False,28,188,145,117,305,216
YOLO11n,cell-0153,134370818734169/250000000000000,2707003057003021/5000000000000000,True,False,28,189,144,116,305,217
YOLO11n,cell-0154,2707003057003021/5000000000000000,678902417421341/1250000000000000,True,False,28,190,143,115,305,218
YOLO11n,cell-0155,678902417421341/1250000000000000,5442526340484619/10000000000000000,True,False,27,190,142,115,305,217
YOLO11n,cell-0156,5442526340484619/10000000000000000,5446969270706177/10000000000000000,True,False,27,191,141,114,305,218
YOLO11n,cell-0157,5446969270706177/10000000000000000,683460608124733/1250000000000000,True,False,26,191,140,114,305,217
YOLO11n,cell-0158,683460608124733/1250000000000000,1368420273065567/2500000000000000,True,False,26,192,139,113,305,218
YOLO11n,cell-0159,1368420273065567/2500000000000000,5581982731819153/10000000000000000,True,False,25,192,138,113,305,217
YOLO11n,cell-0160,5581982731819153/10000000000000000,5592556595802307/10000000000000000,True,False,25,193,137,112,305,218
YOLO11n,cell-0161,5592556595802307/10000000000000000,5600090622901917/10000000000000000,True,False,24,193,136,112,305,217
YOLO11n,cell-0162,5600090622901917/10000000000000000,5610771775245667/10000000000000000,True,False,24,194,135,111,305,218
YOLO11n,cell-0163,5610771775245667/10000000000000000,354287326335907/625000000000000,True,False,24,195,134,110,305,219
YOLO11n,cell-0164,354287326335907/625000000000000,1418313831090927/2500000000000000,True,False,24,196,133,109,305,220
YOLO11n,cell-0165,1418313831090927/2500000000000000,5702518224716187/10000000000000000,True,False,23,196,132,109,305,219
YOLO11n,cell-0166,5702518224716187/10000000000000000,1142790675163269/2000000000000000,True,False,23,197,131,108,305,220
YOLO11n,cell-0167,1142790675163269/2000000000000000,5767287015914917/10000000000000000,True,False,22,197,130,108,305,219
YOLO11n,cell-0168,5767287015914917/10000000000000000,2887473404407501/5000000000000000,True,False,22,198,129,107,305,220
YOLO11n,cell-0169,2887473404407501/5000000000000000,362093411386013/625000000000000,True,False,21,198,128,107,305,219
YOLO11n,cell-0170,362093411386013/625000000000000,5803796648979187/10000000000000000,True,False,21,199,127,106,305,220
YOLO11n,cell-0171,5803796648979187/10000000000000000,5809666514396667/10000000000000000,True,False,21,200,126,105,305,221
YOLO11n,cell-0172,5809666514396667/10000000000000000,1463649868965149/2500000000000000,True,False,21,201,125,104,305,222
YOLO11n,cell-0173,1463649868965149/2500000000000000,589573860168457/1000000000000000,True,False,21,202,124,103,305,223
YOLO11n,cell-0174,589573860168457/1000000000000000,2977446913719177/5000000000000000,True,False,21,203,123,102,305,224
YOLO11n,cell-0175,2977446913719177/5000000000000000,1192111849784851/2000000000000000,True,False,21,204,122,101,305,225
YOLO11n,cell-0176,1192111849784851/2000000000000000,1197575330734253/2000000000000000,True,False,20,204,121,101,305,224
YOLO11n,cell-0177,1197575330734253/2000000000000000,299671471118927/500000000000000,True,False,20,205,120,100,305,225
YOLO11n,cell-0178,299671471118927/500000000000000,6025742888450623/10000000000000000,True,False,20,206,119,99,305,226
YOLO11n,cell-0179,6025742888450623/10000000000000000,3023161292076111/5000000000000000,True,False,20,207,118,98,305,227
YOLO11n,cell-0180,3023161292076111/5000000000000000,6059466600418091/10000000000000000,True,False,19,207,117,98,305,226
YOLO11n,cell-0181,6059466600418091/10000000000000000,6064798831939697/10000000000000000,True,False,19,208,116,97,305,227
YOLO11n,cell-0182,6064798831939697/10000000000000000,6075121760368347/10000000000000000,True,False,18,208,115,97,305,226
YOLO11n,cell-0183,6075121760368347/10000000000000000,1526380330324173/2500000000000000,True,False,17,208,114,97,305,225
YOLO11n,cell-0184,1526380330324173/2500000000000000,6113961338996887/10000000000000000,True,False,17,209,113,96,305,226
YOLO11n,cell-0185,6113961338996887/10000000000000000,3080935776233673/5000000000000000,True,False,17,210,112,95,305,227
YOLO11n,cell-0186,3080935776233673/5000000000000000,6177302598953247/10000000000000000,True,False,17,211,111,94,305,228
YOLO11n,cell-0187,6177302598953247/10000000000000000,3088740110397339/5000000000000000,True,False,17,212,110,93,305,229
YOLO11n,cell-0188,3088740110397339/5000000000000000,6200166344642639/10000000000000000,True,False,17,213,109,92,305,230
YOLO11n,cell-0189,6200166344642639/10000000000000000,6203097701072693/10000000000000000,True,False,17,214,108,91,305,231
YOLO11n,cell-0190,6203097701072693/10000000000000000,1563800871372223/2500000000000000,True,False,17,215,107,90,305,232
YOLO11n,cell-0191,1563800871372223/2500000000000000,1572457104921341/2500000000000000,True,False,17,216,106,89,305,233
YOLO11n,cell-0192,1572457104921341/2500000000000000,3159536123275757/5000000000000000,True,False,17,217,105,88,305,234
YOLO11n,cell-0193,3159536123275757/5000000000000000,3167029917240143/5000000000000000,True,False,17,218,104,87,305,235
YOLO11n,cell-0194,3167029917240143/5000000000000000,793842226266861/1250000000000000,True,False,16,218,103,87,305,234
YOLO11n,cell-0195,793842226266861/1250000000000000,6435994505882263/10000000000000000,True,False,16,219,102,86,305,235
YOLO11n,cell-0196,6435994505882263/10000000000000000,3227619230747223/5000000000000000,True,False,15,219,101,86,305,234
YOLO11n,cell-0197,3227619230747223/5000000000000000,6469874978065491/10000000000000000,True,False,14,219,100,86,305,233
YOLO11n,cell-0198,6469874978065491/10000000000000000,3246564269065857/5000000000000000,True,False,14,220,99,85,305,234
YOLO11n,cell-0199,3246564269065857/5000000000000000,162540003657341/250000000000000,True,False,13,220,98,85,305,233
YOLO11n,cell-0200,162540003657341/250000000000000,6505885720252991/10000000000000000,True,False,13,221,97,84,305,234
YOLO11n,cell-0201,6505885720252991/10000000000000000,408673919737339/625000000000000,True,False,13,222,96,83,305,235
YOLO11n,cell-0202,408673919737339/625000000000000,6564890742301941/10000000000000000,True,False,13,223,95,82,305,236
YOLO11n,cell-0203,6564890742301941/10000000000000000,3306955397129059/5000000000000000,True,False,13,224,94,81,305,237
YOLO11n,cell-0204,3306955397129059/5000000000000000,1327437400817871/2000000000000000,True,False,12,224,93,81,305,236
YOLO11n,cell-0205,1327437400817871/2000000000000000,6661795973777771/10000000000000000,True,False,12,225,92,80,305,237
YOLO11n,cell-0206,6661795973777771/10000000000000000,6670636534690857/10000000000000000,True,False,11,225,91,80,305,236
YOLO11n,cell-0207,6670636534690857/10000000000000000,6700713038444519/10000000000000000,True,False,11,226,90,79,305,237
YOLO11n,cell-0208,6700713038444519/10000000000000000,6701812148094177/10000000000000000,True,False,11,227,89,78,305,238
YOLO11n,cell-0209,6701812148094177/10000000000000000,6707577705383301/10000000000000000,True,False,10,227,88,78,305,237
YOLO11n,cell-0210,6707577705383301/10000000000000000,6738080382347107/10000000000000000,True,False,10,228,87,77,305,238
YOLO11n,cell-0211,6738080382347107/10000000000000000,1688806414604187/2500000000000000,True,False,10,229,86,76,305,239
YOLO11n,cell-0212,1688806414604187/2500000000000000,3379199802875519/5000000000000000,True,False,10,230,85,75,305,240
YOLO11n,cell-0213,3379199802875519/5000000000000000,21158367395401/31250000000000,True,False,10,231,84,74,305,241
YOLO11n,cell-0214,21158367395401/31250000000000,6810934543609619/10000000000000000,True,False,10,232,83,73,305,242
YOLO11n,cell-0215,6810934543609619/10000000000000000,852774828672409/1250000000000000,True,False,10,233,82,72,305,243
YOLO11n,cell-0216,852774828672409/1250000000000000,855158343911171/1250000000000000,True,False,10,234,81,71,305,244
YOLO11n,cell-0217,855158343911171/1250000000000000,686613917350769/1000000000000000,True,False,10,235,80,70,305,245
YOLO11n,cell-0218,686613917350769/1000000000000000,1717793196439743/2500000000000000,True,False,10,236,79,69,305,246
YOLO11n,cell-0219,1717793196439743/2500000000000000,6875516772270203/10000000000000000,True,False,10,237,78,68,305,247
YOLO11n,cell-0220,6875516772270203/10000000000000000,431508906185627/625000000000000,True,False,10,238,77,67,305,248
YOLO11n,cell-0221,431508906185627/625000000000000,3457014858722687/5000000000000000,True,False,9,238,76,67,305,247
YOLO11n,cell-0222,3457014858722687/5000000000000000,3462100327014923/5000000000000000,True,False,9,239,75,66,305,248
YOLO11n,cell-0223,3462100327014923/5000000000000000,3473716974258423/5000000000000000,True,False,9,240,74,65,305,249
YOLO11n,cell-0224,3473716974258423/5000000000000000,108848437666893/156250000000000,True,False,9,241,73,64,305,250
YOLO11n,cell-0225,108848437666893/156250000000000,6969920992851257/10000000000000000,True,False,8,241,72,64,305,249
YOLO11n,cell-0226,6969920992851257/10000000000000000,7022984623908997/10000000000000000,True,False,7,241,71,64,305,248
YOLO11n,cell-0227,7022984623908997/10000000000000000,3523091971874237/5000000000000000,True,False,7,242,70,63,305,249
YOLO11n,cell-0228,3523091971874237/5000000000000000,441628061234951/625000000000000,True,False,7,243,69,62,305,250
YOLO11n,cell-0229,441628061234951/625000000000000,1419377088546753/2000000000000000,True,False,7,244,68,61,305,251
YOLO11n,cell-0230,1419377088546753/2000000000000000,7196318507194519/10000000000000000,True,False,7,245,67,60,305,252
YOLO11n,cell-0231,7196318507194519/10000000000000000,7214465141296387/10000000000000000,True,False,7,246,66,59,305,253
YOLO11n,cell-0232,7214465141296387/10000000000000000,3614096939563751/5000000000000000,True,False,7,247,65,58,305,254
YOLO11n,cell-0233,3614096939563751/5000000000000000,1819552630186081/2500000000000000,True,False,7,248,64,57,305,255
YOLO11n,cell-0234,1819552630186081/2500000000000000,7290501594543457/10000000000000000,True,False,7,249,63,56,305,256
YOLO11n,cell-0235,7290501594543457/10000000000000000,7298077940940857/10000000000000000,True,False,6,249,62,56,305,255
YOLO11n,cell-0236,7298077940940857/10000000000000000,458611436188221/625000000000000,True,False,5,249,61,56,305,254
YOLO11n,cell-0237,458611436188221/625000000000000,7354434728622437/10000000000000000,True,False,5,250,60,55,305,255
YOLO11n,cell-0238,7354434728622437/10000000000000000,1475450873374939/2000000000000000,True,False,5,251,59,54,305,256
YOLO11n,cell-0239,1475450873374939/2000000000000000,3699750304222107/5000000000000000,True,False,5,252,58,53,305,257
YOLO11n,cell-0240,3699750304222107/5000000000000000,1852996051311493/2500000000000000,True,False,4,252,57,53,305,256
YOLO11n,cell-0241,1852996051311493/2500000000000000,297013258934021/400000000000000,True,False,4,253,56,52,305,257
YOLO11n,cell-0242,297013258934021/400000000000000,7426589727401733/10000000000000000,True,False,4,254,55,51,305,258
YOLO11n,cell-0243,7426589727401733/10000000000000000,1489337682723999/2000000000000000,True,False,4,255,54,50,305,259
YOLO11n,cell-0244,1489337682723999/2000000000000000,3750089406967163/5000000000000000,True,False,4,256,53,49,305,260
YOLO11n,cell-0245,3750089406967163/5000000000000000,3766288161277771/5000000000000000,True,False,4,257,52,48,305,261
YOLO11n,cell-0246,3766288161277771/5000000000000000,3769353926181793/5000000000000000,True,False,4,258,51,47,305,262
YOLO11n,cell-0247,3769353926181793/5000000000000000,471310093998909/625000000000000,True,False,4,259,50,46,305,263
YOLO11n,cell-0248,471310093998909/625000000000000,7697387337684631/10000000000000000,True,False,4,260,49,45,305,264
YOLO11n,cell-0249,7697387337684631/10000000000000000,7745602130889893/10000000000000000,True,False,4,261,48,44,305,265
YOLO11n,cell-0250,7745602130889893/10000000000000000,1549343228340149/2000000000000000,True,False,4,262,47,43,305,266
YOLO11n,cell-0251,1549343228340149/2000000000000000,7763345241546631/10000000000000000,True,False,4,263,46,42,305,267
YOLO11n,cell-0252,7763345241546631/10000000000000000,3883543014526367/5000000000000000,True,False,4,264,45,41,305,268
YOLO11n,cell-0253,3883543014526367/5000000000000000,312703537940979/400000000000000,True,False,3,264,44,41,305,267
YOLO11n,cell-0254,312703537940979/400000000000000,7875847220420837/10000000000000000,True,False,3,265,43,40,305,268
YOLO11n,cell-0255,7875847220420837/10000000000000000,7881516814231873/10000000000000000,True,False,3,266,42,39,305,269
YOLO11n,cell-0256,7881516814231873/10000000000000000,793603777885437/1000000000000000,True,False,2,266,41,39,305,268
YOLO11n,cell-0257,793603777885437/1000000000000000,998038649559021/1250000000000000,True,False,2,267,40,38,305,269
YOLO11n,cell-0258,998038649559021/1250000000000000,4046192765235901/5000000000000000,True,False,2,268,39,37,305,270
YOLO11n,cell-0259,4046192765235901/5000000000000000,4072002172470093/5000000000000000,True,False,1,268,38,37,305,269
YOLO11n,cell-0260,4072002172470093/5000000000000000,1629195213317871/2000000000000000,True,False,1,269,37,36,305,270
YOLO11n,cell-0261,1629195213317871/2000000000000000,8149798512458801/10000000000000000,True,False,1,270,36,35,305,271
YOLO11n,cell-0262,8149798512458801/10000000000000000,4083389639854431/5000000000000000,True,False,1,271,35,34,305,272
YOLO11n,cell-0263,4083389639854431/5000000000000000,103186696767807/125000000000000,True,False,1,272,34,33,305,273
YOLO11n,cell-0264,103186696767807/125000000000000,8264221549034119/10000000000000000,True,False,1,273,33,32,305,274
YOLO11n,cell-0265,8264221549034119/10000000000000000,8265088200569153/10000000000000000,True,False,1,274,32,31,305,275
YOLO11n,cell-0266,8265088200569153/10000000000000000,4162721335887909/5000000000000000,True,False,1,275,31,30,305,276
YOLO11n,cell-0267,4162721335887909/5000000000000000,4197578430175781/5000000000000000,True,False,1,276,30,29,305,277
YOLO11n,cell-0268,4197578430175781/5000000000000000,8408477306365967/10000000000000000,True,False,1,277,29,28,305,278
YOLO11n,cell-0269,8408477306365967/10000000000000000,2117849737405777/2500000000000000,True,False,1,278,28,27,305,279
YOLO11n,cell-0270,2117849737405777/2500000000000000,68001389503479/80000000000000,True,False,1,279,27,26,305,280
YOLO11n,cell-0271,68001389503479/80000000000000,1700250267982483/2000000000000000,True,False,1,280,26,25,305,281
YOLO11n,cell-0272,1700250267982483/2000000000000000,854763925075531/1000000000000000,True,False,1,281,25,24,305,282
YOLO11n,cell-0273,854763925075531/1000000000000000,8578271865844727/10000000000000000,True,False,1,282,24,23,305,283
YOLO11n,cell-0274,8578271865844727/10000000000000000,8591481447219849/10000000000000000,True,False,1,283,23,22,305,284
YOLO11n,cell-0275,8591481447219849/10000000000000000,2156384140253067/2500000000000000,True,False,1,284,22,21,305,285
YOLO11n,cell-0276,2156384140253067/2500000000000000,4389752149581909/5000000000000000,True,False,1,285,21,20,305,286
YOLO11n,cell-0277,4389752149581909/5000000000000000,8803766965866089/10000000000000000,True,False,0,285,20,20,305,285
YOLO11n,cell-0278,8803766965866089/10000000000000000,4414835274219513/5000000000000000,True,False,0,286,19,19,305,286
YOLO11n,cell-0279,4414835274219513/5000000000000000,4416399300098419/5000000000000000,True,False,0,287,18,18,305,287
YOLO11n,cell-0280,4416399300098419/5000000000000000,1766803503036499/2000000000000000,True,False,0,288,17,17,305,288
YOLO11n,cell-0281,1766803503036499/2000000000000000,558413527905941/625000000000000,True,False,0,289,16,16,305,289
YOLO11n,cell-0282,558413527905941/625000000000000,4472862184047699/5000000000000000,True,False,0,290,15,15,305,290
YOLO11n,cell-0283,4472862184047699/5000000000000000,111952044069767/125000000000000,True,False,0,291,14,14,305,291
YOLO11n,cell-0284,111952044069767/125000000000000,1121668890118599/1250000000000000,True,False,0,292,13,13,305,292
YOLO11n,cell-0285,1121668890118599/1250000000000000,1811918020248413/2000000000000000,True,False,0,293,12,12,305,293
YOLO11n,cell-0286,1811918020248413/2000000000000000,227702334523201/250000000000000,True,False,0,294,11,11,305,294
YOLO11n,cell-0287,227702334523201/250000000000000,9122122526168823/10000000000000000,True,False,0,295,10,10,305,295
YOLO11n,cell-0288,9122122526168823/10000000000000000,9147524237632751/10000000000000000,True,False,0,296,9,9,305,296
YOLO11n,cell-0289,9147524237632751/10000000000000000,1147327870130539/1250000000000000,True,False,0,297,8,8,305,297
YOLO11n,cell-0290,1147327870130539/1250000000000000,287034772336483/312500000000000,True,False,0,298,7,7,305,298
YOLO11n,cell-0291,287034772336483/312500000000000,9190700650215149/10000000000000000,True,False,0,299,6,6,305,299
YOLO11n,cell-0292,9190700650215149/10000000000000000,1842503547668457/2000000000000000,True,False,0,300,5,5,305,300
YOLO11n,cell-0293,1842503547668457/2000000000000000,921374499797821/1000000000000000,True,False,0,301,4,4,305,301
YOLO11n,cell-0294,921374499797821/1000000000000000,9227398037910461/10000000000000000,True,False,0,302,3,3,305,302
YOLO11n,cell-0295,9227398037910461/10000000000000000,4618110656738281/5000000000000000,True,False,0,303,2,2,305,303
YOLO11n,cell-0296,4618110656738281/5000000000000000,1854994535446167/2000000000000000,True,False,0,304,1,1,305,304
YOLO11n,cell-0297,1854994535446167/2000000000000000,1,True,False,0,305,0,0,305,305
YOLO11n,cell-0298,1,1,True,True,0,305,0,0,305,305
YOLO26n,cell-0000,1/4,2529367506504059/10000000000000000,True,False,69,156,218,149,305,225
YOLO26n,cell-0001,2529367506504059/10000000000000000,12961438298225403/50000000000000000,True,False,69,157,217,148,305,226
YOLO26n,cell-0002,12961438298225403/50000000000000000,5200362205505371/20000000000000000,True,False,68,157,216,148,305,225
YOLO26n,cell-0003,5200362205505371/20000000000000000,13155975937843323/50000000000000000,True,False,67,157,215,148,305,224
YOLO26n,cell-0004,13155975937843323/50000000000000000,2670556604862213/10000000000000000,True,False,66,157,214,148,305,223
YOLO26n,cell-0005,2670556604862213/10000000000000000,5390428900718689/20000000000000000,True,False,65,157,213,148,305,222
YOLO26n,cell-0006,5390428900718689/20000000000000000,6791350245475769/25000000000000000,True,False,65,158,212,147,305,223
YOLO26n,cell-0007,6791350245475769/25000000000000000,2750891447067261/10000000000000000,True,False,65,159,211,146,305,224
YOLO26n,cell-0008,2750891447067261/10000000000000000,27600428462028503/100000000000000000,True,False,64,159,210,146,305,223
YOLO26n,cell-0009,27600428462028503/100000000000000000,3471963107585907/12500000000000000,True,False,64,160,209,145,305,224
YOLO26n,cell-0010,3471963107585907/12500000000000000,27921929955482483/100000000000000000,True,False,63,160,208,145,305,223
YOLO26n,cell-0011,27921929955482483/100000000000000000,1411925107240677/5000000000000000,True,False,63,161,207,144,305,224
YOLO26n,cell-0012,1411925107240677/5000000000000000,567536473274231/2000000000000000,True,False,62,161,206,144,305,223
YOLO26n,cell-0013,567536473274231/2000000000000000,2876430153846741/10000000000000000,True,False,61,161,205,144,305,222
YOLO26n,cell-0014,2876430153846741/10000000000000000,361151397228241/1250000000000000,True,False,60,161,204,144,305,221
YOLO26n,cell-0015,361151397228241/1250000000000000,29020634293556213/100000000000000000,True,False,59,161,203,144,305,220
YOLO26n,cell-0016,29020634293556213/100000000000000000,1451113075017929/5000000000000000,True,False,58,161,202,144,305,219
YOLO26n,cell-0017,1451113075017929/5000000000000000,2903279960155487/10000000000000000,True,False,57,161,201,144,305,218
YOLO26n,cell-0018,2903279960155487/10000000000000000,2903463840484619/10000000000000000,True,False,56,161,200,144,305,217
YOLO26n,cell-0019,2903463840484619/10000000000000000,2913471758365631/10000000000000000,True,False,55,161,199,144,305,216
YOLO26n,cell-0020,2913471758365631/10000000000000000,7361932098865509/25000000000000000,True,False,55,162,198,143,305,217
YOLO26n,cell-0021,7361932098865509/25000000000000000,736396387219429/2500000000000000,True,False,55,163,197,142,305,218
YOLO26n,cell-0022,736396387219429/2500000000000000,7367696613073349/25000000000000000,True,False,54,163,196,142,305,217
YOLO26n,cell-0023,7367696613073349/25000000000000000,29532909393310547/100000000000000000,True,False,53,163,195,142,305,216
YOLO26n,cell-0024,29532909393310547/100000000000000000,14895768463611603/50000000000000000,True,False,52,163,194,142,305,215
YOLO26n,cell-0025,14895768463611603/50000000000000000,186665840446949/625000000000000,True,False,51,163,193,142,305,214
YOLO26n,cell-0026,186665840446949/625000000000000,119791579246521/400000000000000,True,False,51,164,192,141,305,215
YOLO26n,cell-0027,119791579246521/400000000000000,15034066140651703/50000000000000000,True,False,50,164,191,141,305,214
YOLO26n,cell-0028,15034066140651703/50000000000000000,757017433643341/2500000000000000,True,False,49,164,190,141,305,213
YOLO26n,cell-0029,757017433643341/2500000000000000,30306529998779297/100000000000000000,True,False,48,164,189,141,305,212
YOLO26n,cell-0030,30306529998779297/100000000000000000,6078716516494751/20000000000000000,True,False,47,164,188,141,305,211
YOLO26n,cell-0031,6078716516494751/20000000000000000,305830180644989/1000000000000000,True,False,47,165,187,140,305,212
YOLO26n,cell-0032,305830180644989/1000000000000000,31145399808883667/100000000000000000,True,False,46,165,186,140,305,211
YOLO26n,cell-0033,31145399808883667/100000000000000000,31249305605888367/100000000000000000,True,False,46,166,185,139,305,212
YOLO26n,cell-0034,31249305605888367/100000000000000000,313198983669281/1000000000000000,True,False,45,166,184,139,305,211
YOLO26n,cell-0035,313198983669281/1000000000000000,3176190257072449/10000000000000000,True,False,45,167,183,138,305,212
YOLO26n,cell-0036,3176190257072449/10000000000000000,6634088158607483/20000000000000000,True,False,44,167,182,138,305,211
YOLO26n,cell-0037,6634088158607483/20000000000000000,33672425150871277/100000000000000000,True,False,44,168,181,137,305,212
YOLO26n,cell-0038,33672425150871277/100000000000000000,3367815315723419/10000000000000000,True,False,43,168,180,137,305,211
YOLO26n,cell-0039,3367815315723419/10000000000000000,1692366600036621/5000000000000000,True,False,43,169,179,136,305,212
YOLO26n,cell-0040,1692366600036621/5000000000000000,339977890253067/1000000000000000,True,False,42,169,178,136,305,211
YOLO26n,cell-0041,339977890253067/1000000000000000,3404722213745117/10000000000000000,True,False,41,169,177,136,305,210
YOLO26n,cell-0042,3404722213745117/10000000000000000,17057444155216217/50000000000000000,True,False,41,170,176,135,305,211
YOLO26n,cell-0043,17057444155216217/50000000000000000,3421206474304199/10000000000000000,True,False,41,171,175,134,305,212
YOLO26n,cell-0044,3421206474304199/10000000000000000,34337863326072693/100000000000000000,True,False,41,172,174,133,305,213
YOLO26n,cell-0045,34337863326072693/100000000000000000,860791876912117/2500000000000000,True,False,41,173,173,132,305,214
YOLO26n,cell-0046,860791876912117/2500000000000000,1734364628791809/5000000000000000,True,False,41,174,172,131,305,215
YOLO26n,cell-0047,1734364628791809/5000000000000000,6963813304901123/20000000000000000,True,False,40,174,171,131,305,214
YOLO26n,cell-0048,6963813304901123/20000000000000000,4375220462679863/12500000000000000,True,False,40,175,170,130,305,215
YOLO26n,cell-0049,4375220462679863/12500000000000000,8796665072441101/25000000000000000,True,False,40,176,169,129,305,216
YOLO26n,cell-0050,8796665072441101/25000000000000000,35302242636680603/100000000000000000,True,False,40,177,168,128,305,217
YOLO26n,cell-0051,35302242636680603/100000000000000000,17719481885433197/50000000000000000,True,False,40,178,167,127,305,218
YOLO26n,cell-0052,17719481885433197/50000000000000000,1781584620475769/5000000000000000,True,False,40,179,166,126,305,219
YOLO26n,cell-0053,1781584620475769/5000000000000000,3565331697463989/10000000000000000,True,False,39,179,165,126,305,218
YOLO26n,cell-0054,3565331697463989/10000000000000000,35768580436706543/100000000000000000,True,False,38,179,164,126,305,217
YOLO26n,cell-0055,35768580436706543/100000000000000000,18003609776496887/50000000000000000,True,False,38,180,163,125,305,218
YOLO26n,cell-0056,18003609776496887/50000000000000000,36763420701026917/100000000000000000,True,False,37,180,162,125,305,217
YOLO26n,cell-0057,36763420701026917/100000000000000000,18463796377182007/50000000000000000,True,False,36,180,161,125,305,216
YOLO26n,cell-0058,18463796377182007/50000000000000000,3696780502796173/10000000000000000,True,False,36,181,160,124,305,217
YOLO26n,cell-0059,3696780502796173/10000000000000000,3734166920185089/10000000000000000,True,False,36,182,159,123,305,218
YOLO26n,cell-0060,3734166920185089/10000000000000000,18761923909187317/50000000000000000,True,False,35,182,158,123,305,217
YOLO26n,cell-0061,18761923909187317/50000000000000000,7623099684715271/20000000000000000,True,False,34,182,157,123,305,216
YOLO26n,cell-0062,7623099684715271/20000000000000000,1907971352338791/5000000000000000,True,False,34,183,156,122,305,217
YOLO26n,cell-0063,1907971352338791/5000000000000000,9571598470211029/25000000000000000,True,False,34,184,155,121,305,218
YOLO26n,cell-0064,9571598470211029/25000000000000000,1921418011188507/5000000000000000,True,False,34,185,154,120,305,219
YOLO26n,cell-0065,1921418011188507/5000000000000000,1929478645324707/5000000000000000,True,False,34,186,153,119,305,220
YOLO26n,cell-0066,1929478645324707/5000000000000000,3874489367008209/10000000000000000,True,False,34,187,152,118,305,221
YOLO26n,cell-0067,3874489367008209/10000000000000000,969071015715599/2500000000000000,True,False,34,188,151,117,305,222
YOLO26n,cell-0068,969071015715599/2500000000000000,3885746896266937/10000000000000000,True,False,34,189,150,116,305,223
YOLO26n,cell-0069,3885746896266937/10000000000000000,156934654712677/400000000000000,True,False,34,190,149,115,305,224
YOLO26n,cell-0070,156934654712677/400000000000000,19708341360092163/50000000000000000,True,False,33,190,148,115,305,223
YOLO26n,cell-0071,19708341360092163/50000000000000000,1987587809562683/5000000000000000,True,False,33,191,147,114,305,224
YOLO26n,cell-0072,1987587809562683/5000000000000000,40358027815818787/100000000000000000,True,False,33,192,146,113,305,225
YOLO26n,cell-0073,40358027815818787/100000000000000000,20877179503440857/50000000000000000,True,False,33,193,145,112,305,226
YOLO26n,cell-0074,20877179503440857/50000000000000000,4285130798816681/10000000000000000,True,False,32,193,144,112,305,225
YOLO26n,cell-0075,4285130798816681/10000000000000000,21578139066696167/50000000000000000,True,False,32,194,143,111,305,226
YOLO26n,cell-0076,21578139066696167/50000000000000000,881320059299469/2000000000000000,True,False,32,195,142,110,305,227
YOLO26n,cell-0077,881320059299469/2000000000000000,22194957733154297/50000000000000000,True,False,31,195,141,110,305,226
YOLO26n,cell-0078,22194957733154297/50000000000000000,44623681902885437/100000000000000000,True,False,31,196,140,109,305,227
YOLO26n,cell-0079,44623681902885437/100000000000000000,4463450014591217/10000000000000000,True,False,31,197,139,108,305,228
YOLO26n,cell-0080,4463450014591217/10000000000000000,4476374685764313/10000000000000000,True,False,30,197,138,108,305,227
YOLO26n,cell-0081,4476374685764313/10000000000000000,2239150106906891/5000000000000000,True,False,29,197,137,108,305,226
YOLO26n,cell-0082,2239150106906891/5000000000000000,4487994909286499/10000000000000000,True,False,28,197,136,108,305,225
YOLO26n,cell-0083,4487994909286499/10000000000000000,4537603557109833/10000000000000000,True,False,28,198,135,107,305,226
YOLO26n,cell-0084,4537603557109833/10000000000000000,4594684839248657/10000000000000000,True,False,28,199,134,106,305,227
YOLO26n,cell-0085,4594684839248657/10000000000000000,2363017499446869/5000000000000000,True,False,28,200,133,105,305,228
YOLO26n,cell-0086,2363017499446869/5000000000000000,23725558817386627/50000000000000000,True,False,27,200,132,105,305,227
YOLO26n,cell-0087,23725558817386627/50000000000000000,237857386469841/500000000000000,True,False,26,200,131,105,305,226
YOLO26n,cell-0088,237857386469841/500000000000000,4769899249076843/10000000000000000,True,False,26,201,130,104,305,227
YOLO26n,cell-0089,4769899249076843/10000000000000000,4773765504360199/10000000000000000,True,False,25,201,129,104,305,226
YOLO26n,cell-0090,4773765504360199/10000000000000000,9703303575515747/20000000000000000,True,False,25,202,128,103,305,227
YOLO26n,cell-0091,9703303575515747/20000000000000000,4888797700405121/10000000000000000,True,False,25,203,127,102,305,228
YOLO26n,cell-0092,4888797700405121/10000000000000000,1251533329486847/2500000000000000,True,False,24,203,126,102,305,227
YOLO26n,cell-0093,1251533329486847/2500000000000000,2512069344520569/5000000000000000,True,False,23,203,125,102,305,226
YOLO26n,cell-0094,2512069344520569/5000000000000000,5033586025238037/10000000000000000,True,False,22,203,124,102,305,225
YOLO26n,cell-0095,5033586025238037/10000000000000000,5094243884086609/10000000000000000,True,False,22,204,123,101,305,226
YOLO26n,cell-0096,5094243884086609/10000000000000000,1037416934967041/2000000000000000,True,False,22,205,122,100,305,227
YOLO26n,cell-0097,1037416934967041/2000000000000000,5267099738121033/10000000000000000,True,False,22,206,121,99,305,228
YOLO26n,cell-0098,5267099738121033/10000000000000000,5320107340812683/10000000000000000,True,False,22,207,120,98,305,229
YOLO26n,cell-0099,5320107340812683/10000000000000000,1341492235660553/2500000000000000,True,False,21,207,119,98,305,228
YOLO26n,cell-0100,1341492235660553/2500000000000000,1074486494064331/2000000000000000,True,False,21,208,118,97,305,229
YOLO26n,cell-0101,1074486494064331/2000000000000000,1356668621301651/2500000000000000,True,False,20,208,117,97,305,228
YOLO26n,cell-0102,1356668621301651/2500000000000000,2769027352333069/5000000000000000,True,False,20,209,116,96,305,229
YOLO26n,cell-0103,2769027352333069/5000000000000000,5549469590187073/10000000000000000,True,False,20,210,115,95,305,230
YOLO26n,cell-0104,5549469590187073/10000000000000000,2775324583053589/5000000000000000,True,False,19,210,114,95,305,229
YOLO26n,cell-0105,2775324583053589/5000000000000000,1114668846130371/2000000000000000,True,False,19,211,113,94,305,230
YOLO26n,cell-0106,1114668846130371/2000000000000000,5647768378257751/10000000000000000,True,False,19,212,112,93,305,231
YOLO26n,cell-0107,5647768378257751/10000000000000000,56803297996521/100000000000000,True,False,19,213,111,92,305,232
YOLO26n,cell-0108,56803297996521/100000000000000,178588405251503/312500000000000,True,False,19,214,110,91,305,233
YOLO26n,cell-0109,178588405251503/312500000000000,2866581380367279/5000000000000000,True,False,18,214,109,91,305,232
YOLO26n,cell-0110,2866581380367279/5000000000000000,5775716304779053/10000000000000000,True,False,18,215,108,90,305,233
YOLO26n,cell-0111,5775716304779053/10000000000000000,1452144980430603/2500000000000000,True,False,17,215,107,90,305,232
YOLO26n,cell-0112,1452144980430603/2500000000000000,364619642496109/625000000000000,True,False,17,216,106,89,305,233
YOLO26n,cell-0113,364619642496109/625000000000000,1182247519493103/2000000000000000,True,False,17,217,105,88,305,234
YOLO26n,cell-0114,1182247519493103/2000000000000000,5923551917076111/10000000000000000,True,False,17,218,104,87,305,235
YOLO26n,cell-0115,5923551917076111/10000000000000000,2972254753112793/5000000000000000,True,False,17,219,103,86,305,236
YOLO26n,cell-0116,2972254753112793/5000000000000000,2992924749851227/5000000000000000,True,False,17,220,102,85,305,237
YOLO26n,cell-0117,2992924749851227/5000000000000000,5994065403938293/10000000000000000,True,False,17,221,101,84,305,238
YOLO26n,cell-0118,5994065403938293/10000000000000000,5998275876045227/10000000000000000,True,False,17,222,100,83,305,239
YOLO26n,cell-0119,5998275876045227/10000000000000000,6007465124130249/10000000000000000,True,False,17,223,99,82,305,240
YOLO26n,cell-0120,6007465124130249/10000000000000000,6048392653465271/10000000000000000,True,False,17,224,98,81,305,241
YOLO26n,cell-0121,6048392653465271/10000000000000000,605260968208313/1000000000000000,True,False,17,225,97,80,305,242
YOLO26n,cell-0122,605260968208313/1000000000000000,3039741516113281/5000000000000000,True,False,16,225,96,80,305,241
YOLO26n,cell-0123,3039741516113281/5000000000000000,6198409199714661/10000000000000000,True,False,16,226,95,79,305,242
YOLO26n,cell-0124,6198409199714661/10000000000000000,776258334517479/1250000000000000,True,False,16,227,94,78,305,243
YOLO26n,cell-0125,776258334517479/1250000000000000,6227177977561951/10000000000000000,True,False,16,228,93,77,305,244
YOLO26n,cell-0126,6227177977561951/10000000000000000,6228417754173279/10000000000000000,True,False,16,229,92,76,305,245
YOLO26n,cell-0127,6228417754173279/10000000000000000,3144814074039459/5000000000000000,True,False,16,230,91,75,305,246
YOLO26n,cell-0128,3144814074039459/5000000000000000,632829487323761/1000000000000000,True,False,15,230,90,75,305,245
YOLO26n,cell-0129,632829487323761/1000000000000000,6399707794189453/10000000000000000,True,False,14,230,89,75,305,244
YOLO26n,cell-0130,6399707794189453/10000000000000000,6401162147521973/10000000000000000,True,False,13,230,88,75,305,243
YOLO26n,cell-0131,6401162147521973/10000000000000000,6402555704116821/10000000000000000,True,False,13,231,87,74,305,244
YOLO26n,cell-0132,6402555704116821/10000000000000000,643150269985199/1000000000000000,True,False,12,231,86,74,305,243
YOLO26n,cell-0133,643150269985199/1000000000000000,805971771478653/1250000000000000,True,False,12,232,85,73,305,244
YOLO26n,cell-0134,805971771478653/1250000000000000,6462768912315369/10000000000000000,True,False,12,233,84,72,305,245
YOLO26n,cell-0135,6462768912315369/10000000000000000,1616610437631607/2500000000000000,True,False,12,234,83,71,305,246
YOLO26n,cell-0136,1616610437631607/2500000000000000,6472460031509399/10000000000000000,True,False,11,234,82,71,305,245
YOLO26n,cell-0137,6472460031509399/10000000000000000,6483955979347229/10000000000000000,True,False,11,235,81,70,305,246
YOLO26n,cell-0138,6483955979347229/10000000000000000,819186195731163/1250000000000000,True,False,11,236,80,69,305,247
YOLO26n,cell-0139,819186195731163/1250000000000000,205057542771101/312500000000000,True,False,10,236,79,69,305,246
YOLO26n,cell-0140,205057542771101/312500000000000,3282972574234009/5000000000000000,True,False,10,237,78,68,305,247
YOLO26n,cell-0141,3282972574234009/5000000000000000,6606414318084717/10000000000000000,True,False,10,238,77,67,305,248
YOLO26n,cell-0142,6606414318084717/10000000000000000,6627209782600403/10000000000000000,True,False,10,239,76,66,305,249
YOLO26n,cell-0143,6627209782600403/10000000000000000,6661979556083679/10000000000000000,True,False,10,240,75,65,305,250
YOLO26n,cell-0144,6661979556083679/10000000000000000,3335098624229431/5000000000000000,True,False,10,241,74,64,305,251
YOLO26n,cell-0145,3335098624229431/5000000000000000,6675038933753967/10000000000000000,True,False,10,242,73,63,305,252
YOLO26n,cell-0146,6675038933753967/10000000000000000,6703439950942993/10000000000000000,True,False,10,243,72,62,305,253
YOLO26n,cell-0147,6703439950942993/10000000000000000,6738486289978027/10000000000000000,True,False,9,243,71,62,305,252
YOLO26n,cell-0148,6738486289978027/10000000000000000,1686747968196869/2500000000000000,True,False,8,243,70,62,305,251
YOLO26n,cell-0149,1686747968196869/2500000000000000,6755596399307251/10000000000000000,True,False,8,244,69,61,305,252
YOLO26n,cell-0150,6755596399307251/10000000000000000,6790438890457153/10000000000000000,True,False,8,245,68,60,305,253
YOLO26n,cell-0151,6790438890457153/10000000000000000,6828610897064209/10000000000000000,True,False,8,246,67,59,305,254
YOLO26n,cell-0152,6828610897064209/10000000000000000,686009407043457/1000000000000000,True,False,8,247,66,58,305,255
YOLO26n,cell-0153,686009407043457/1000000000000000,1719086766242981/2500000000000000,True,False,8,248,65,57,305,256
YOLO26n,cell-0154,1719086766242981/2500000000000000,1385349154472351/2000000000000000,True,False,7,248,64,57,305,255
YOLO26n,cell-0155,1385349154472351/2000000000000000,3470824956893921/5000000000000000,True,False,6,248,63,57,305,254
YOLO26n,cell-0156,3470824956893921/5000000000000000,6980625987052917/10000000000000000,True,False,6,249,62,56,305,255
YOLO26n,cell-0157,6980625987052917/10000000000000000,56431565284729/80000000000000,True,False,6,250,61,55,305,256
YOLO26n,cell-0158,56431565284729/80000000000000,1775365024805069/2500000000000000,True,False,6,251,60,54,305,257
YOLO26n,cell-0159,1775365024805069/2500000000000000,1427724003791809/2000000000000000,True,False,6,252,59,53,305,258
YOLO26n,cell-0160,1427724003791809/2000000000000000,3608603775501251/5000000000000000,True,False,6,253,58,52,305,259
YOLO26n,cell-0161,3608603775501251/5000000000000000,7262328267097473/10000000000000000,True,False,6,254,57,51,305,260
YOLO26n,cell-0162,7262328267097473/10000000000000000,913437157869339/1250000000000000,True,False,6,255,56,50,305,261
YOLO26n,cell-0163,913437157869339/1250000000000000,1830427497625351/2500000000000000,True,False,6,256,55,49,305,262
YOLO26n,cell-0164,1830427497625351/2500000000000000,366323858499527/500000000000000,True,False,6,257,54,48,305,263
YOLO26n,cell-0165,366323858499527/500000000000000,1470484733581543/2000000000000000,True,False,5,257,53,48,305,262
YOLO26n,cell-0166,1470484733581543/2000000000000000,7376653552055359/10000000000000000,True,False,5,258,52,47,305,263
YOLO26n,cell-0167,7376653552055359/10000000000000000,1854429990053177/2500000000000000,True,False,5,259,51,46,305,264
YOLO26n,cell-0168,1854429990053177/2500000000000000,1854967325925827/2500000000000000,True,False,5,260,50,45,305,265
YOLO26n,cell-0169,1854967325925827/2500000000000000,7437253594398499/10000000000000000,True,False,5,261,49,44,305,266
YOLO26n,cell-0170,7437253594398499/10000000000000000,3728519082069397/5000000000000000,True,False,4,261,48,44,305,265
YOLO26n,cell-0171,3728519082069397/5000000000000000,7498864531517029/10000000000000000,True,False,4,262,47,43,305,266
YOLO26n,cell-0172,7498864531517029/10000000000000000,3756106495857239/5000000000000000,True,False,4,263,46,42,305,267
YOLO26n,cell-0173,3756106495857239/5000000000000000,7567944526672363/10000000000000000,True,False,4,264,45,41,305,268
YOLO26n,cell-0174,7567944526672363/10000000000000000,1515285611152649/2000000000000000,True,False,3,264,44,41,305,267
YOLO26n,cell-0175,1515285611152649/2000000000000000,3801412582397461/5000000000000000,True,False,3,265,43,40,305,268
YOLO26n,cell-0176,3801412582397461/5000000000000000,7677361965179443/10000000000000000,True,False,3,266,42,39,305,269
YOLO26n,cell-0177,7677361965179443/10000000000000000,3850458860397339/5000000000000000,True,False,3,267,41,38,305,270
YOLO26n,cell-0178,3850458860397339/5000000000000000,7712283730506897/10000000000000000,True,False,2,267,40,38,305,269
YOLO26n,cell-0179,7712283730506897/10000000000000000,1930873990058899/2500000000000000,True,False,2,268,39,37,305,270
YOLO26n,cell-0180,1930873990058899/2500000000000000,3893637955188751/5000000000000000,True,False,2,269,38,36,305,271
YOLO26n,cell-0181,3893637955188751/5000000000000000,1564732551574707/2000000000000000,True,False,2,270,37,35,305,272
YOLO26n,cell-0182,1564732551574707/2000000000000000,3933771252632141/5000000000000000,True,False,2,271,36,34,305,273
YOLO26n,cell-0183,3933771252632141/5000000000000000,3977494239807129/5000000000000000,True,False,2,272,35,33,305,274
YOLO26n,cell-0184,3977494239807129/5000000000000000,200270414352417/250000000000000,True,False,2,273,34,32,305,275
YOLO26n,cell-0185,200270414352417/250000000000000,4056611657142639/5000000000000000,True,False,2,274,33,31,305,276
YOLO26n,cell-0186,4056611657142639/5000000000000000,8208925127983093/10000000000000000,True,False,2,275,32,30,305,277
YOLO26n,cell-0187,8208925127983093/10000000000000000,8242951035499573/10000000000000000,True,False,2,276,31,29,305,278
YOLO26n,cell-0188,8242951035499573/10000000000000000,1660349726676941/2000000000000000,True,False,2,277,30,28,305,279
YOLO26n,cell-0189,1660349726676941/2000000000000000,525859072804451/625000000000000,True,False,2,278,29,27,305,280
YOLO26n,cell-0190,525859072804451/625000000000000,4249265193939209/5000000000000000,True,False,2,279,28,26,305,281
YOLO26n,cell-0191,4249265193939209/5000000000000000,4256511628627777/5000000000000000,True,False,1,279,27,26,305,280
YOLO26n,cell-0192,4256511628627777/5000000000000000,1706880807876587/2000000000000000,True,False,1,280,26,25,305,281
YOLO26n,cell-0193,1706880807876587/2000000000000000,8587625622749329/10000000000000000,True,False,1,281,25,24,305,282
YOLO26n,cell-0194,8587625622749329/10000000000000000,4299508333206177/5000000000000000,True,False,1,282,24,23,305,283
YOLO26n,cell-0195,4299508333206177/5000000000000000,8749837875366211/10000000000000000,True,False,1,283,23,22,305,284
YOLO26n,cell-0196,8749837875366211/10000000000000000,875054657459259/1000000000000000,True,False,1,284,22,21,305,285
YOLO26n,cell-0197,875054657459259/1000000000000000,136996079236269/156250000000000,True,False,0,284,21,21,305,284
YOLO26n,cell-0198,136996079236269/156250000000000,4391801655292511/5000000000000000,True,False,0,285,20,20,305,285
YOLO26n,cell-0199,4391801655292511/5000000000000000,2199665606021881/2500000000000000,True,False,0,286,19,19,305,286
YOLO26n,cell-0200,2199665606021881/2500000000000000,4409666359424591/5000000000000000,True,False,0,287,18,18,305,287
YOLO26n,cell-0201,4409666359424591/5000000000000000,221114382147789/250000000000000,True,False,0,288,17,17,305,288
YOLO26n,cell-0202,221114382147789/250000000000000,8925836086273193/10000000000000000,True,False,0,289,16,16,305,289
YOLO26n,cell-0203,8925836086273193/10000000000000000,8930976390838623/10000000000000000,True,False,0,290,15,15,305,290
YOLO26n,cell-0204,8930976390838623/10000000000000000,8968644142150879/10000000000000000,True,False,0,291,14,14,305,291
YOLO26n,cell-0205,8968644142150879/10000000000000000,9006772637367249/10000000000000000,True,False,0,292,13,13,305,292
YOLO26n,cell-0206,9006772637367249/10000000000000000,9024879336357117/10000000000000000,True,False,0,293,12,12,305,293
YOLO26n,cell-0207,9024879336357117/10000000000000000,2268059402704239/2500000000000000,True,False,0,294,11,11,305,294
YOLO26n,cell-0208,2268059402704239/2500000000000000,4536527395248413/5000000000000000,True,False,0,295,10,10,305,295
YOLO26n,cell-0209,4536527395248413/5000000000000000,9076585173606873/10000000000000000,True,False,0,296,9,9,305,296
YOLO26n,cell-0210,9076585173606873/10000000000000000,4564293324947357/5000000000000000,True,False,0,297,8,8,305,297
YOLO26n,cell-0211,4564293324947357/5000000000000000,9191503524780273/10000000000000000,True,False,0,298,7,7,305,298
YOLO26n,cell-0212,9191503524780273/10000000000000000,9205064177513123/10000000000000000,True,False,0,299,6,6,305,299
YOLO26n,cell-0213,9205064177513123/10000000000000000,9234630465507507/10000000000000000,True,False,0,300,5,5,305,300
YOLO26n,cell-0214,9234630465507507/10000000000000000,9251929521560669/10000000000000000,True,False,0,301,4,4,305,301
YOLO26n,cell-0215,9251929521560669/10000000000000000,231397345662117/250000000000000,True,False,0,302,3,3,305,302
YOLO26n,cell-0216,231397345662117/250000000000000,1860067367553711/2000000000000000,True,False,0,303,2,2,305,303
YOLO26n,cell-0217,1860067367553711/2000000000000000,4662482440471649/5000000000000000,True,False,0,304,1,1,305,304
YOLO26n,cell-0218,4662482440471649/5000000000000000,1,True,False,0,305,0,0,305,305
YOLO26n,cell-0219,1,1,True,True,0,305,0,0,305,305
