false_positive_budget,old_state,new_state,old_minimum_misses,new_minimum_misses,old_attained_cell_ids,new_attained_cell_ids,miss_difference_old_minus_new,comparison
0,available,available,285,284,cell-0277,cell-0197,1,new_fewer_misses
1,available,available,268,279,cell-0259,cell-0191,-11,old_fewer_misses
2,available,available,266,267,cell-0256,cell-0178,-1,old_fewer_misses
3,available,available,264,264,cell-0253,cell-0174,0,equal_misses
4,available,available,252,261,cell-0240,cell-0170,-9,old_fewer_misses
5,available,available,249,257,cell-0236,cell-0165,-8,old_fewer_misses
6,available,available,249,248,cell-0235 cell-0236,cell-0155,1,new_fewer_misses
7,available,available,241,248,cell-0226,cell-0154 cell-0155,-7,old_fewer_misses
8,available,available,241,243,cell-0225 cell-0226,cell-0148,-2,old_fewer_misses
9,available,available,238,243,cell-0221,cell-0147 cell-0148,-5,old_fewer_misses
10,available,available,227,236,cell-0209,cell-0139,-9,old_fewer_misses
11,available,available,225,234,cell-0206,cell-0136,-9,old_fewer_misses
12,available,available,224,231,cell-0204,cell-0132,-7,old_fewer_misses
13,available,available,220,230,cell-0199,cell-0130,-10,old_fewer_misses
14,available,available,219,230,cell-0197,cell-0129 cell-0130,-11,old_fewer_misses
15,available,available,219,230,cell-0196 cell-0197,cell-0128 cell-0129 cell-0130,-11,old_fewer_misses
16,available,available,218,225,cell-0194,cell-0122,-7,old_fewer_misses
17,available,available,208,215,cell-0183,cell-0111,-7,old_fewer_misses
18,available,available,208,214,cell-0182 cell-0183,cell-0109,-6,old_fewer_misses
19,available,available,207,210,cell-0180,cell-0104,-3,old_fewer_misses
20,available,available,204,208,cell-0176,cell-0101,-4,old_fewer_misses
21,available,available,198,207,cell-0169,cell-0099,-9,old_fewer_misses
22,available,available,197,203,cell-0167,cell-0094,-6,old_fewer_misses
23,available,available,196,203,cell-0165,cell-0093 cell-0094,-7,old_fewer_misses
24,available,available,193,203,cell-0161,cell-0092 cell-0093 cell-0094,-10,old_fewer_misses
25,available,available,192,201,cell-0159,cell-0089,-9,old_fewer_misses
26,available,available,191,200,cell-0157,cell-0087,-9,old_fewer_misses
27,available,available,190,200,cell-0155,cell-0086 cell-0087,-10,old_fewer_misses
28,available,available,185,197,cell-0149,cell-0082,-12,old_fewer_misses
29,available,available,184,197,cell-0147,cell-0081 cell-0082,-13,old_fewer_misses
30,available,available,184,197,cell-0146 cell-0147,cell-0080 cell-0081 cell-0082,-13,old_fewer_misses
31,available,available,184,195,cell-0145 cell-0146 cell-0147,cell-0077,-11,old_fewer_misses
32,available,available,181,193,cell-0141,cell-0074,-12,old_fewer_misses
33,available,available,181,190,cell-0140 cell-0141,cell-0070,-9,old_fewer_misses
34,available,available,177,182,cell-0135,cell-0061,-5,old_fewer_misses
35,available,available,175,182,cell-0132,cell-0060 cell-0061,-7,old_fewer_misses
36,available,available,175,180,cell-0131 cell-0132,cell-0057,-5,old_fewer_misses
37,available,available,170,180,cell-0125,cell-0056 cell-0057,-10,old_fewer_misses
38,available,available,169,179,cell-0123,cell-0054,-10,old_fewer_misses
39,available,available,169,179,cell-0122 cell-0123,cell-0053 cell-0054,-10,old_fewer_misses
40,available,available,168,174,cell-0120,cell-0047,-6,old_fewer_misses
41,available,available,168,169,cell-0119 cell-0120,cell-0041,-1,old_fewer_misses
42,available,available,167,169,cell-0117,cell-0040 cell-0041,-2,old_fewer_misses
43,available,available,167,168,cell-0116 cell-0117,cell-0038,-1,old_fewer_misses
44,available,available,167,167,cell-0115 cell-0116 cell-0117,cell-0036,0,equal_misses
45,available,available,165,166,cell-0112,cell-0034,-1,old_fewer_misses
46,available,available,164,165,cell-0110,cell-0032,-1,old_fewer_misses
47,available,available,164,164,cell-0109 cell-0110,cell-0030,0,equal_misses
48,available,available,164,164,cell-0108 cell-0109 cell-0110,cell-0029 cell-0030,0,equal_misses
49,available,available,164,164,cell-0107 cell-0108 cell-0109 cell-0110,cell-0028 cell-0029 cell-0030,0,equal_misses
50,available,available,164,164,cell-0106 cell-0107 cell-0108 cell-0109 cell-0110,cell-0027 cell-0028 cell-0029 cell-0030,0,equal_misses
51,available,available,164,163,cell-0105 cell-0106 cell-0107 cell-0108 cell-0109 cell-0110,cell-0025,1,new_fewer_misses
52,available,available,164,163,cell-0104 cell-0105 cell-0106 cell-0107 cell-0108 cell-0109 cell-0110,cell-0024 cell-0025,1,new_fewer_misses
53,available,available,164,163,cell-0103 cell-0104 cell-0105 cell-0106 cell-0107 cell-0108 cell-0109 cell-0110,cell-0023 cell-0024 cell-0025,1,new_fewer_misses
54,available,available,164,163,cell-0102 cell-0103 cell-0104 cell-0105 cell-0106 cell-0107 cell-0108 cell-0109 cell-0110,cell-0022 cell-0023 cell-0024 cell-0025,1,new_fewer_misses
55,available,available,164,161,cell-0101 cell-0102 cell-0103 cell-0104 cell-0105 cell-0106 cell-0107 cell-0108 cell-0109 cell-0110,cell-0019,3,new_fewer_misses
56,available,available,164,161,cell-0100 cell-0101 cell-0102 cell-0103 cell-0104 cell-0105 cell-0106 cell-0107 cell-0108 cell-0109 cell-0110,cell-0018 cell-0019,3,new_fewer_misses
57,available,available,164,161,cell-0099 cell-0100 cell-0101 cell-0102 cell-0103 cell-0104 cell-0105 cell-0106 cell-0107 cell-0108 cell-0109 cell-0110,cell-0017 cell-0018 cell-0019,3,new_fewer_misses
58,available,available,164,161,cell-0098 cell-0099 cell-0100 cell-0101 cell-0102 cell-0103 cell-0104 cell-0105 cell-0106 cell-0107 cell-0108 cell-0109 cell-0110,cell-0016 cell-0017 cell-0018 cell-0019,3,new_fewer_misses
59,available,available,163,161,cell-0096,cell-0015 cell-0016 cell-0017 cell-0018 cell-0019,2,new_fewer_misses
60,available,available,160,161,cell-0092,cell-0014 cell-0015 cell-0016 cell-0017 cell-0018 cell-0019,-1,old_fewer_misses
61,available,available,160,161,cell-0091 cell-0092,cell-0013 cell-0014 cell-0015 cell-0016 cell-0017 cell-0018 cell-0019,-1,old_fewer_misses
62,available,available,156,161,cell-0086,cell-0012 cell-0013 cell-0014 cell-0015 cell-0016 cell-0017 cell-0018 cell-0019,-5,old_fewer_misses
63,available,available,156,160,cell-0085 cell-0086,cell-0010,-4,old_fewer_misses
64,available,available,156,159,cell-0084 cell-0085 cell-0086,cell-0008,-3,old_fewer_misses
65,available,available,156,157,cell-0083 cell-0084 cell-0085 cell-0086,cell-0005,-1,old_fewer_misses
66,available,available,156,157,cell-0082 cell-0083 cell-0084 cell-0085 cell-0086,cell-0004 cell-0005,-1,old_fewer_misses
67,available,available,155,157,cell-0080,cell-0003 cell-0004 cell-0005,-2,old_fewer_misses
68,available,available,155,157,cell-0079 cell-0080,cell-0002 cell-0003 cell-0004 cell-0005,-2,old_fewer_misses
69,available,available,154,156,cell-0077,cell-0000,-2,old_fewer_misses
70,available,available,154,156,cell-0076 cell-0077,cell-0000,-2,old_fewer_misses
71,available,available,154,156,cell-0075 cell-0076 cell-0077,cell-0000,-2,old_fewer_misses
72,available,available,154,156,cell-0074 cell-0075 cell-0076 cell-0077,cell-0000,-2,old_fewer_misses
73,available,available,154,156,cell-0073 cell-0074 cell-0075 cell-0076 cell-0077,cell-0000,-2,old_fewer_misses
74,available,available,151,156,cell-0069,cell-0000,-5,old_fewer_misses
75,available,available,149,156,cell-0066,cell-0000,-7,old_fewer_misses
76,available,available,148,156,cell-0064,cell-0000,-8,old_fewer_misses
77,available,available,146,156,cell-0061,cell-0000,-10,old_fewer_misses
78,available,available,146,156,cell-0060 cell-0061,cell-0000,-10,old_fewer_misses
79,available,available,146,156,cell-0059 cell-0060 cell-0061,cell-0000,-10,old_fewer_misses
80,available,available,146,156,cell-0058 cell-0059 cell-0060 cell-0061,cell-0000,-10,old_fewer_misses
81,available,available,146,156,cell-0057 cell-0058 cell-0059 cell-0060 cell-0061,cell-0000,-10,old_fewer_misses
82,available,available,146,156,cell-0056 cell-0057 cell-0058 cell-0059 cell-0060 cell-0061,cell-0000,-10,old_fewer_misses
83,available,available,145,156,cell-0054,cell-0000,-11,old_fewer_misses
84,available,available,144,156,cell-0052,cell-0000,-12,old_fewer_misses
85,available,available,143,156,cell-0050,cell-0000,-13,old_fewer_misses
86,available,available,143,156,cell-0049 cell-0050,cell-0000,-13,old_fewer_misses
87,available,available,143,156,cell-0048 cell-0049 cell-0050,cell-0000,-13,old_fewer_misses
88,available,available,143,156,cell-0047 cell-0048 cell-0049 cell-0050,cell-0000,-13,old_fewer_misses
89,available,available,142,156,cell-0045,cell-0000,-14,old_fewer_misses
90,available,available,142,156,cell-0044 cell-0045,cell-0000,-14,old_fewer_misses
91,available,available,142,156,cell-0043 cell-0044 cell-0045,cell-0000,-14,old_fewer_misses
92,available,available,142,156,cell-0042 cell-0043 cell-0044 cell-0045,cell-0000,-14,old_fewer_misses
93,available,available,142,156,cell-0041 cell-0042 cell-0043 cell-0044 cell-0045,cell-0000,-14,old_fewer_misses
94,available,available,142,156,cell-0040 cell-0041 cell-0042 cell-0043 cell-0044 cell-0045,cell-0000,-14,old_fewer_misses
95,available,available,142,156,cell-0039 cell-0040 cell-0041 cell-0042 cell-0043 cell-0044 cell-0045,cell-0000,-14,old_fewer_misses
96,available,available,142,156,cell-0038 cell-0039 cell-0040 cell-0041 cell-0042 cell-0043 cell-0044 cell-0045,cell-0000,-14,old_fewer_misses
97,available,available,142,156,cell-0037 cell-0038 cell-0039 cell-0040 cell-0041 cell-0042 cell-0043 cell-0044 cell-0045,cell-0000,-14,old_fewer_misses
98,available,available,142,156,cell-0036 cell-0037 cell-0038 cell-0039 cell-0040 cell-0041 cell-0042 cell-0043 cell-0044 cell-0045,cell-0000,-14,old_fewer_misses
99,available,available,142,156,cell-0035 cell-0036 cell-0037 cell-0038 cell-0039 cell-0040 cell-0041 cell-0042 cell-0043 cell-0044 cell-0045,cell-0000,-14,old_fewer_misses
100,available,available,140,156,cell-0032,cell-0000,-16,old_fewer_misses
101,available,available,139,156,cell-0030,cell-0000,-17,old_fewer_misses
102,available,available,139,156,cell-0029 cell-0030,cell-0000,-17,old_fewer_misses
103,available,available,138,156,cell-0027,cell-0000,-18,old_fewer_misses
104,available,available,138,156,cell-0026 cell-0027,cell-0000,-18,old_fewer_misses
105,available,available,138,156,cell-0025 cell-0026 cell-0027,cell-0000,-18,old_fewer_misses
106,available,available,137,156,cell-0023,cell-0000,-19,old_fewer_misses
107,available,available,137,156,cell-0022 cell-0023,cell-0000,-19,old_fewer_misses
108,available,available,137,156,cell-0021 cell-0022 cell-0023,cell-0000,-19,old_fewer_misses
109,available,available,137,156,cell-0020 cell-0021 cell-0022 cell-0023,cell-0000,-19,old_fewer_misses
110,available,available,137,156,cell-0019 cell-0020 cell-0021 cell-0022 cell-0023,cell-0000,-19,old_fewer_misses
111,available,available,136,156,cell-0017,cell-0000,-20,old_fewer_misses
112,available,available,136,156,cell-0016 cell-0017,cell-0000,-20,old_fewer_misses
113,available,available,136,156,cell-0015 cell-0016 cell-0017,cell-0000,-20,old_fewer_misses
114,available,available,136,156,cell-0014 cell-0015 cell-0016 cell-0017,cell-0000,-20,old_fewer_misses
115,available,available,136,156,cell-0013 cell-0014 cell-0015 cell-0016 cell-0017,cell-0000,-20,old_fewer_misses
116,available,available,136,156,cell-0012 cell-0013 cell-0014 cell-0015 cell-0016 cell-0017,cell-0000,-20,old_fewer_misses
117,available,available,136,156,cell-0011 cell-0012 cell-0013 cell-0014 cell-0015 cell-0016 cell-0017,cell-0000,-20,old_fewer_misses
118,available,available,136,156,cell-0010 cell-0011 cell-0012 cell-0013 cell-0014 cell-0015 cell-0016 cell-0017,cell-0000,-20,old_fewer_misses
119,available,available,136,156,cell-0009 cell-0010 cell-0011 cell-0012 cell-0013 cell-0014 cell-0015 cell-0016 cell-0017,cell-0000,-20,old_fewer_misses
120,available,available,136,156,cell-0008 cell-0009 cell-0010 cell-0011 cell-0012 cell-0013 cell-0014 cell-0015 cell-0016 cell-0017,cell-0000,-20,old_fewer_misses
121,available,available,136,156,cell-0007 cell-0008 cell-0009 cell-0010 cell-0011 cell-0012 cell-0013 cell-0014 cell-0015 cell-0016 cell-0017,cell-0000,-20,old_fewer_misses
122,available,available,136,156,cell-0006 cell-0007 cell-0008 cell-0009 cell-0010 cell-0011 cell-0012 cell-0013 cell-0014 cell-0015 cell-0016 cell-0017,cell-0000,-20,old_fewer_misses
123,available,available,136,156,cell-0005 cell-0006 cell-0007 cell-0008 cell-0009 cell-0010 cell-0011 cell-0012 cell-0013 cell-0014 cell-0015 cell-0016 cell-0017,cell-0000,-20,old_fewer_misses
124,available,available,136,156,cell-0004 cell-0005 cell-0006 cell-0007 cell-0008 cell-0009 cell-0010 cell-0011 cell-0012 cell-0013 cell-0014 cell-0015 cell-0016 cell-0017,cell-0000,-20,old_fewer_misses
125,available,available,136,156,cell-0003 cell-0004 cell-0005 cell-0006 cell-0007 cell-0008 cell-0009 cell-0010 cell-0011 cell-0012 cell-0013 cell-0014 cell-0015 cell-0016 cell-0017,cell-0000,-20,old_fewer_misses
126,available,available,135,156,cell-0001,cell-0000,-21,old_fewer_misses
127,available,available,135,156,cell-0000 cell-0001,cell-0000,-21,old_fewer_misses
128,available,available,135,156,cell-0000 cell-0001,cell-0000,-21,old_fewer_misses
129,available,available,135,156,cell-0000 cell-0001,cell-0000,-21,old_fewer_misses
130,available,available,135,156,cell-0000 cell-0001,cell-0000,-21,old_fewer_misses
131,available,available,135,156,cell-0000 cell-0001,cell-0000,-21,old_fewer_misses
132,available,available,135,156,cell-0000 cell-0001,cell-0000,-21,old_fewer_misses
133,available,available,135,156,cell-0000 cell-0001,cell-0000,-21,old_fewer_misses
134,available,available,135,156,cell-0000 cell-0001,cell-0000,-21,old_fewer_misses
135,available,available,135,156,cell-0000 cell-0001,cell-0000,-21,old_fewer_misses
136,available,available,135,156,cell-0000 cell-0001,cell-0000,-21,old_fewer_misses
137,available,available,135,156,cell-0000 cell-0001,cell-0000,-21,old_fewer_misses
138,available,available,135,156,cell-0000 cell-0001,cell-0000,-21,old_fewer_misses
139,available,available,135,156,cell-0000 cell-0001,cell-0000,-21,old_fewer_misses
140,available,available,135,156,cell-0000 cell-0001,cell-0000,-21,old_fewer_misses
141,available,available,135,156,cell-0000 cell-0001,cell-0000,-21,old_fewer_misses
142,available,available,135,156,cell-0000 cell-0001,cell-0000,-21,old_fewer_misses
143,available,available,135,156,cell-0000 cell-0001,cell-0000,-21,old_fewer_misses
144,available,available,135,156,cell-0000 cell-0001,cell-0000,-21,old_fewer_misses
145,available,available,135,156,cell-0000 cell-0001,cell-0000,-21,old_fewer_misses
146,available,available,135,156,cell-0000 cell-0001,cell-0000,-21,old_fewer_misses
147,available,available,135,156,cell-0000 cell-0001,cell-0000,-21,old_fewer_misses
148,available,available,135,156,cell-0000 cell-0001,cell-0000,-21,old_fewer_misses
149,available,available,135,156,cell-0000 cell-0001,cell-0000,-21,old_fewer_misses
150,available,available,135,156,cell-0000 cell-0001,cell-0000,-21,old_fewer_misses
151,available,available,135,156,cell-0000 cell-0001,cell-0000,-21,old_fewer_misses
152,available,available,135,156,cell-0000 cell-0001,cell-0000,-21,old_fewer_misses
153,available,available,135,156,cell-0000 cell-0001,cell-0000,-21,old_fewer_misses
154,available,available,135,156,cell-0000 cell-0001,cell-0000,-21,old_fewer_misses
155,available,available,135,156,cell-0000 cell-0001,cell-0000,-21,old_fewer_misses
156,available,available,135,156,cell-0000 cell-0001,cell-0000,-21,old_fewer_misses
157,available,available,135,156,cell-0000 cell-0001,cell-0000,-21,old_fewer_misses
158,available,available,135,156,cell-0000 cell-0001,cell-0000,-21,old_fewer_misses
159,available,available,135,156,cell-0000 cell-0001,cell-0000,-21,old_fewer_misses
160,available,available,135,156,cell-0000 cell-0001,cell-0000,-21,old_fewer_misses
161,available,available,135,156,cell-0000 cell-0001,cell-0000,-21,old_fewer_misses
162,available,available,135,156,cell-0000 cell-0001,cell-0000,-21,old_fewer_misses
163,available,available,135,156,cell-0000 cell-0001,cell-0000,-21,old_fewer_misses
164,available,available,135,156,cell-0000 cell-0001,cell-0000,-21,old_fewer_misses
165,available,available,135,156,cell-0000 cell-0001,cell-0000,-21,old_fewer_misses
166,available,available,135,156,cell-0000 cell-0001,cell-0000,-21,old_fewer_misses
167,available,available,135,156,cell-0000 cell-0001,cell-0000,-21,old_fewer_misses
168,available,available,135,156,cell-0000 cell-0001,cell-0000,-21,old_fewer_misses
169,available,available,135,156,cell-0000 cell-0001,cell-0000,-21,old_fewer_misses
170,available,available,135,156,cell-0000 cell-0001,cell-0000,-21,old_fewer_misses
171,available,available,135,156,cell-0000 cell-0001,cell-0000,-21,old_fewer_misses
172,available,available,135,156,cell-0000 cell-0001,cell-0000,-21,old_fewer_misses
173,available,available,135,156,cell-0000 cell-0001,cell-0000,-21,old_fewer_misses
174,available,available,135,156,cell-0000 cell-0001,cell-0000,-21,old_fewer_misses
175,available,available,135,156,cell-0000 cell-0001,cell-0000,-21,old_fewer_misses
176,available,available,135,156,cell-0000 cell-0001,cell-0000,-21,old_fewer_misses
177,available,available,135,156,cell-0000 cell-0001,cell-0000,-21,old_fewer_misses
178,available,available,135,156,cell-0000 cell-0001,cell-0000,-21,old_fewer_misses
179,available,available,135,156,cell-0000 cell-0001,cell-0000,-21,old_fewer_misses
180,available,available,135,156,cell-0000 cell-0001,cell-0000,-21,old_fewer_misses
181,available,available,135,156,cell-0000 cell-0001,cell-0000,-21,old_fewer_misses
182,available,available,135,156,cell-0000 cell-0001,cell-0000,-21,old_fewer_misses
183,available,available,135,156,cell-0000 cell-0001,cell-0000,-21,old_fewer_misses
184,available,available,135,156,cell-0000 cell-0001,cell-0000,-21,old_fewer_misses
185,available,available,135,156,cell-0000 cell-0001,cell-0000,-21,old_fewer_misses
186,available,available,135,156,cell-0000 cell-0001,cell-0000,-21,old_fewer_misses
187,available,available,135,156,cell-0000 cell-0001,cell-0000,-21,old_fewer_misses
188,available,available,135,156,cell-0000 cell-0001,cell-0000,-21,old_fewer_misses
189,available,available,135,156,cell-0000 cell-0001,cell-0000,-21,old_fewer_misses
190,available,available,135,156,cell-0000 cell-0001,cell-0000,-21,old_fewer_misses
191,available,available,135,156,cell-0000 cell-0001,cell-0000,-21,old_fewer_misses
192,available,available,135,156,cell-0000 cell-0001,cell-0000,-21,old_fewer_misses
193,available,available,135,156,cell-0000 cell-0001,cell-0000,-21,old_fewer_misses
194,available,available,135,156,cell-0000 cell-0001,cell-0000,-21,old_fewer_misses
195,available,available,135,156,cell-0000 cell-0001,cell-0000,-21,old_fewer_misses
196,available,available,135,156,cell-0000 cell-0001,cell-0000,-21,old_fewer_misses
197,available,available,135,156,cell-0000 cell-0001,cell-0000,-21,old_fewer_misses
198,available,available,135,156,cell-0000 cell-0001,cell-0000,-21,old_fewer_misses
199,available,available,135,156,cell-0000 cell-0001,cell-0000,-21,old_fewer_misses
200,available,available,135,156,cell-0000 cell-0001,cell-0000,-21,old_fewer_misses
201,available,available,135,156,cell-0000 cell-0001,cell-0000,-21,old_fewer_misses
202,available,available,135,156,cell-0000 cell-0001,cell-0000,-21,old_fewer_misses
203,available,available,135,156,cell-0000 cell-0001,cell-0000,-21,old_fewer_misses
204,available,available,135,156,cell-0000 cell-0001,cell-0000,-21,old_fewer_misses
205,available,available,135,156,cell-0000 cell-0001,cell-0000,-21,old_fewer_misses
206,available,available,135,156,cell-0000 cell-0001,cell-0000,-21,old_fewer_misses
207,available,available,135,156,cell-0000 cell-0001,cell-0000,-21,old_fewer_misses
208,available,available,135,156,cell-0000 cell-0001,cell-0000,-21,old_fewer_misses
209,available,available,135,156,cell-0000 cell-0001,cell-0000,-21,old_fewer_misses
210,available,available,135,156,cell-0000 cell-0001,cell-0000,-21,old_fewer_misses
211,available,available,135,156,cell-0000 cell-0001,cell-0000,-21,old_fewer_misses
212,available,available,135,156,cell-0000 cell-0001,cell-0000,-21,old_fewer_misses
213,available,available,135,156,cell-0000 cell-0001,cell-0000,-21,old_fewer_misses
214,available,available,135,156,cell-0000 cell-0001,cell-0000,-21,old_fewer_misses
215,available,available,135,156,cell-0000 cell-0001,cell-0000,-21,old_fewer_misses
216,available,available,135,156,cell-0000 cell-0001,cell-0000,-21,old_fewer_misses
217,available,available,135,156,cell-0000 cell-0001,cell-0000,-21,old_fewer_misses
218,available,available,135,156,cell-0000 cell-0001,cell-0000,-21,old_fewer_misses
219,available,available,135,156,cell-0000 cell-0001,cell-0000,-21,old_fewer_misses
220,available,available,135,156,cell-0000 cell-0001,cell-0000,-21,old_fewer_misses
221,available,available,135,156,cell-0000 cell-0001,cell-0000,-21,old_fewer_misses
222,available,available,135,156,cell-0000 cell-0001,cell-0000,-21,old_fewer_misses
223,available,available,135,156,cell-0000 cell-0001,cell-0000,-21,old_fewer_misses
224,available,available,135,156,cell-0000 cell-0001,cell-0000,-21,old_fewer_misses
225,available,available,135,156,cell-0000 cell-0001,cell-0000,-21,old_fewer_misses
226,available,available,135,156,cell-0000 cell-0001,cell-0000,-21,old_fewer_misses
227,available,available,135,156,cell-0000 cell-0001,cell-0000,-21,old_fewer_misses
228,available,available,135,156,cell-0000 cell-0001,cell-0000,-21,old_fewer_misses
229,available,available,135,156,cell-0000 cell-0001,cell-0000,-21,old_fewer_misses
230,available,available,135,156,cell-0000 cell-0001,cell-0000,-21,old_fewer_misses
231,available,available,135,156,cell-0000 cell-0001,cell-0000,-21,old_fewer_misses
232,available,available,135,156,cell-0000 cell-0001,cell-0000,-21,old_fewer_misses
233,available,available,135,156,cell-0000 cell-0001,cell-0000,-21,old_fewer_misses
234,available,available,135,156,cell-0000 cell-0001,cell-0000,-21,old_fewer_misses
235,available,available,135,156,cell-0000 cell-0001,cell-0000,-21,old_fewer_misses
236,available,available,135,156,cell-0000 cell-0001,cell-0000,-21,old_fewer_misses
237,available,available,135,156,cell-0000 cell-0001,cell-0000,-21,old_fewer_misses
238,available,available,135,156,cell-0000 cell-0001,cell-0000,-21,old_fewer_misses
239,available,available,135,156,cell-0000 cell-0001,cell-0000,-21,old_fewer_misses
240,available,available,135,156,cell-0000 cell-0001,cell-0000,-21,old_fewer_misses
241,available,available,135,156,cell-0000 cell-0001,cell-0000,-21,old_fewer_misses
242,available,available,135,156,cell-0000 cell-0001,cell-0000,-21,old_fewer_misses
243,available,available,135,156,cell-0000 cell-0001,cell-0000,-21,old_fewer_misses
244,available,available,135,156,cell-0000 cell-0001,cell-0000,-21,old_fewer_misses
245,available,available,135,156,cell-0000 cell-0001,cell-0000,-21,old_fewer_misses
246,available,available,135,156,cell-0000 cell-0001,cell-0000,-21,old_fewer_misses
247,available,available,135,156,cell-0000 cell-0001,cell-0000,-21,old_fewer_misses
248,available,available,135,156,cell-0000 cell-0001,cell-0000,-21,old_fewer_misses
249,available,available,135,156,cell-0000 cell-0001,cell-0000,-21,old_fewer_misses
250,available,available,135,156,cell-0000 cell-0001,cell-0000,-21,old_fewer_misses
251,available,available,135,156,cell-0000 cell-0001,cell-0000,-21,old_fewer_misses
252,available,available,135,156,cell-0000 cell-0001,cell-0000,-21,old_fewer_misses
253,available,available,135,156,cell-0000 cell-0001,cell-0000,-21,old_fewer_misses
254,available,available,135,156,cell-0000 cell-0001,cell-0000,-21,old_fewer_misses
255,available,available,135,156,cell-0000 cell-0001,cell-0000,-21,old_fewer_misses
256,available,available,135,156,cell-0000 cell-0001,cell-0000,-21,old_fewer_misses
257,available,available,135,156,cell-0000 cell-0001,cell-0000,-21,old_fewer_misses
258,available,available,135,156,cell-0000 cell-0001,cell-0000,-21,old_fewer_misses
259,available,available,135,156,cell-0000 cell-0001,cell-0000,-21,old_fewer_misses
260,available,available,135,156,cell-0000 cell-0001,cell-0000,-21,old_fewer_misses
261,available,available,135,156,cell-0000 cell-0001,cell-0000,-21,old_fewer_misses
262,available,available,135,156,cell-0000 cell-0001,cell-0000,-21,old_fewer_misses
263,available,available,135,156,cell-0000 cell-0001,cell-0000,-21,old_fewer_misses
264,available,available,135,156,cell-0000 cell-0001,cell-0000,-21,old_fewer_misses
265,available,available,135,156,cell-0000 cell-0001,cell-0000,-21,old_fewer_misses
266,available,available,135,156,cell-0000 cell-0001,cell-0000,-21,old_fewer_misses
267,available,available,135,156,cell-0000 cell-0001,cell-0000,-21,old_fewer_misses
268,available,available,135,156,cell-0000 cell-0001,cell-0000,-21,old_fewer_misses
269,available,available,135,156,cell-0000 cell-0001,cell-0000,-21,old_fewer_misses
270,available,available,135,156,cell-0000 cell-0001,cell-0000,-21,old_fewer_misses
271,available,available,135,156,cell-0000 cell-0001,cell-0000,-21,old_fewer_misses
272,available,available,135,156,cell-0000 cell-0001,cell-0000,-21,old_fewer_misses
273,available,available,135,156,cell-0000 cell-0001,cell-0000,-21,old_fewer_misses
274,available,available,135,156,cell-0000 cell-0001,cell-0000,-21,old_fewer_misses
275,available,available,135,156,cell-0000 cell-0001,cell-0000,-21,old_fewer_misses
276,available,available,135,156,cell-0000 cell-0001,cell-0000,-21,old_fewer_misses
277,available,available,135,156,cell-0000 cell-0001,cell-0000,-21,old_fewer_misses
278,available,available,135,156,cell-0000 cell-0001,cell-0000,-21,old_fewer_misses
279,available,available,135,156,cell-0000 cell-0001,cell-0000,-21,old_fewer_misses
280,available,available,135,156,cell-0000 cell-0001,cell-0000,-21,old_fewer_misses
281,available,available,135,156,cell-0000 cell-0001,cell-0000,-21,old_fewer_misses
282,available,available,135,156,cell-0000 cell-0001,cell-0000,-21,old_fewer_misses
283,available,available,135,156,cell-0000 cell-0001,cell-0000,-21,old_fewer_misses
284,available,available,135,156,cell-0000 cell-0001,cell-0000,-21,old_fewer_misses
285,available,available,135,156,cell-0000 cell-0001,cell-0000,-21,old_fewer_misses
286,available,available,135,156,cell-0000 cell-0001,cell-0000,-21,old_fewer_misses
287,available,available,135,156,cell-0000 cell-0001,cell-0000,-21,old_fewer_misses
288,available,available,135,156,cell-0000 cell-0001,cell-0000,-21,old_fewer_misses
289,available,available,135,156,cell-0000 cell-0001,cell-0000,-21,old_fewer_misses
290,available,available,135,156,cell-0000 cell-0001,cell-0000,-21,old_fewer_misses
291,available,available,135,156,cell-0000 cell-0001,cell-0000,-21,old_fewer_misses
292,available,available,135,156,cell-0000 cell-0001,cell-0000,-21,old_fewer_misses
293,available,available,135,156,cell-0000 cell-0001,cell-0000,-21,old_fewer_misses
294,available,available,135,156,cell-0000 cell-0001,cell-0000,-21,old_fewer_misses
295,available,available,135,156,cell-0000 cell-0001,cell-0000,-21,old_fewer_misses
296,available,available,135,156,cell-0000 cell-0001,cell-0000,-21,old_fewer_misses
297,available,available,135,156,cell-0000 cell-0001,cell-0000,-21,old_fewer_misses
