case_id,group,radius,allocated_images,state,decision,nominal_delta,lower,upper,minimum_images_for_excluding_world
image-00,singleton,0,1,complete,supported,2/1,2/1,2/1,not_possible_in_family
image-00,singleton,1,1,complete,supported,2/1,2/1,2/1,not_possible_in_family
image-00,singleton,2,1,complete,supported,2/1,2/1,2/1,not_possible_in_family
image-00,singleton,4,1,complete,supported,2/1,2/1,2/1,not_possible_in_family
image-00,singleton,8,1,complete,supported,2/1,2/1,2/1,not_possible_in_family
image-00,singleton,16,1,complete,supported,2/1,2/1,2/1,not_possible_in_family
image-00,singleton,32,1,complete,unresolved,2/1,0/1,4/1,1
image-00,singleton,64,1,complete,unresolved,2/1,0/1,4/1,1
image-01,singleton,0,1,complete,supported,3/1,3/1,3/1,not_possible_in_family
image-01,singleton,1,1,complete,supported,3/1,3/1,5/1,not_possible_in_family
image-01,singleton,2,1,complete,supported,3/1,3/1,5/1,not_possible_in_family
image-01,singleton,4,1,complete,supported,3/1,3/1,5/1,not_possible_in_family
image-01,singleton,8,1,complete,supported,3/1,1/1,5/1,not_possible_in_family
image-01,singleton,16,1,complete,supported,3/1,1/1,5/1,not_possible_in_family
image-01,singleton,32,1,complete,supported,3/1,1/1,5/1,not_possible_in_family
image-01,singleton,64,1,complete,supported,3/1,1/1,5/1,not_possible_in_family
image-02,singleton,0,1,complete,supported,2/1,2/1,2/1,not_possible_in_family
image-02,singleton,1,1,complete,supported,2/1,2/1,2/1,not_possible_in_family
image-02,singleton,2,1,complete,supported,2/1,2/1,2/1,not_possible_in_family
image-02,singleton,4,1,complete,supported,2/1,2/1,2/1,not_possible_in_family
image-02,singleton,8,1,complete,supported,2/1,2/1,2/1,not_possible_in_family
image-02,singleton,16,1,complete,unresolved,2/1,0/1,4/1,1
image-02,singleton,32,1,complete,unresolved,2/1,0/1,4/1,1
image-02,singleton,64,1,complete,unresolved,2/1,0/1,4/1,1
image-03,singleton,0,1,complete,excluded,0/1,0/1,0/1,0
image-03,singleton,1,1,complete,excluded,0/1,0/1,0/1,0
image-03,singleton,2,1,complete,excluded,0/1,0/1,0/1,0
image-03,singleton,4,1,complete,excluded,0/1,0/1,0/1,0
image-03,singleton,8,1,complete,excluded,0/1,0/1,0/1,0
image-03,singleton,16,1,complete,excluded,0/1,0/1,0/1,0
image-03,singleton,32,1,complete,excluded,0/1,0/1,0/1,0
image-03,singleton,64,1,complete,excluded,0/1,-2/1,0/1,0
image-04,singleton,0,1,complete,excluded,0/1,0/1,0/1,0
image-04,singleton,1,1,complete,excluded,0/1,0/1,0/1,0
image-04,singleton,2,1,complete,excluded,0/1,0/1,0/1,0
image-04,singleton,4,1,complete,excluded,0/1,0/1,0/1,0
image-04,singleton,8,1,complete,excluded,0/1,0/1,0/1,0
image-04,singleton,16,1,complete,unresolved,0/1,0/1,2/1,0
image-04,singleton,32,1,complete,unresolved,0/1,-2/1,2/1,0
image-04,singleton,64,1,complete,unresolved,0/1,-2/1,2/1,0
image-05,singleton,0,1,complete,excluded,0/1,0/1,0/1,0
image-05,singleton,1,1,complete,excluded,0/1,0/1,0/1,0
image-05,singleton,2,1,complete,unresolved,0/1,0/1,2/1,0
image-05,singleton,4,1,complete,unresolved,0/1,0/1,2/1,0
image-05,singleton,8,1,complete,unresolved,0/1,-2/1,2/1,0
image-05,singleton,16,1,complete,unresolved,0/1,-2/1,2/1,0
image-05,singleton,32,1,complete,unresolved,0/1,-2/1,2/1,0
image-05,singleton,64,1,complete,unresolved,0/1,-2/1,2/1,0
image-06,singleton,0,1,complete,excluded,0/1,0/1,0/1,0
image-06,singleton,1,1,complete,excluded,0/1,0/1,0/1,0
image-06,singleton,2,1,complete,excluded,0/1,0/1,0/1,0
image-06,singleton,4,1,complete,excluded,0/1,0/1,0/1,0
image-06,singleton,8,1,complete,excluded,0/1,0/1,0/1,0
image-06,singleton,16,1,complete,excluded,0/1,0/1,0/1,0
image-06,singleton,32,1,complete,unresolved,0/1,0/1,2/1,0
image-06,singleton,64,1,complete,unresolved,0/1,-2/1,2/1,0
image-07,singleton,0,1,complete,supported,1/1,1/1,1/1,not_possible_in_family
image-07,singleton,1,1,complete,supported,1/1,1/1,1/1,not_possible_in_family
image-07,singleton,2,1,complete,supported,1/1,1/1,1/1,not_possible_in_family
image-07,singleton,4,1,complete,supported,1/1,1/1,1/1,not_possible_in_family
image-07,singleton,8,1,complete,supported,1/1,1/1,3/1,not_possible_in_family
image-07,singleton,16,1,complete,unresolved,1/1,-1/1,3/1,1
image-07,singleton,32,1,complete,unresolved,1/1,-1/1,3/1,1
image-07,singleton,64,1,complete,unresolved,1/1,-1/1,3/1,1
image-08,singleton,0,1,complete,excluded,0/1,0/1,0/1,0
image-08,singleton,1,1,complete,excluded,0/1,-2/1,0/1,0
image-08,singleton,2,1,complete,excluded,0/1,-2/1,0/1,0
image-08,singleton,4,1,complete,excluded,0/1,-2/1,0/1,0
image-08,singleton,8,1,complete,unresolved,0/1,-2/1,2/1,0
image-08,singleton,16,1,complete,unresolved,0/1,-2/1,2/1,0
image-08,singleton,32,1,complete,unresolved,0/1,-2/1,2/1,0
image-08,singleton,64,1,complete,unresolved,0/1,-2/1,2/1,0
image-09,singleton,0,1,complete,excluded,-1/1,-1/1,-1/1,0
image-09,singleton,1,1,complete,excluded,-1/1,-1/1,-1/1,0
image-09,singleton,2,1,complete,excluded,-1/1,-1/1,-1/1,0
image-09,singleton,4,1,complete,excluded,-1/1,-1/1,-1/1,0
image-09,singleton,8,1,complete,excluded,-1/1,-1/1,-1/1,0
image-09,singleton,16,1,complete,unresolved,-1/1,-3/1,1/1,0
image-09,singleton,32,1,complete,unresolved,-1/1,-3/1,1/1,0
image-09,singleton,64,1,complete,unresolved,-1/1,-3/1,1/1,0
image-10,singleton,0,1,complete,supported,2/1,2/1,2/1,not_possible_in_family
image-10,singleton,1,1,complete,supported,2/1,2/1,2/1,not_possible_in_family
image-10,singleton,2,1,complete,supported,2/1,2/1,2/1,not_possible_in_family
image-10,singleton,4,1,complete,unresolved,2/1,0/1,2/1,1
image-10,singleton,8,1,complete,unresolved,2/1,0/1,2/1,1
image-10,singleton,16,1,complete,unresolved,2/1,0/1,4/1,1
image-10,singleton,32,1,complete,unresolved,2/1,0/1,4/1,1
image-10,singleton,64,1,complete,unresolved,2/1,0/1,4/1,1
image-11,singleton,0,1,complete,supported,4/1,4/1,4/1,not_possible_in_family
image-11,singleton,1,1,complete,supported,4/1,4/1,4/1,not_possible_in_family
image-11,singleton,2,1,complete,supported,4/1,4/1,4/1,not_possible_in_family
image-11,singleton,4,1,complete,supported,4/1,4/1,4/1,not_possible_in_family
image-11,singleton,8,1,complete,supported,4/1,2/1,4/1,not_possible_in_family
image-11,singleton,16,1,complete,supported,4/1,2/1,6/1,not_possible_in_family
image-11,singleton,32,1,complete,supported,4/1,2/1,6/1,not_possible_in_family
image-11,singleton,64,1,complete,supported,4/1,2/1,6/1,not_possible_in_family
image-12,singleton,0,1,complete,excluded,-1/1,-1/1,-1/1,0
image-12,singleton,1,1,complete,excluded,-1/1,-1/1,-1/1,0
image-12,singleton,2,1,complete,excluded,-1/1,-1/1,-1/1,0
image-12,singleton,4,1,complete,excluded,-1/1,-1/1,-1/1,0
image-12,singleton,8,1,complete,unresolved,-1/1,-1/1,1/1,0
image-12,singleton,16,1,complete,unresolved,-1/1,-3/1,1/1,0
image-12,singleton,32,1,complete,unresolved,-1/1,-3/1,1/1,0
image-12,singleton,64,1,complete,unresolved,-1/1,-3/1,1/1,0
image-13,singleton,0,1,complete,supported,9/1,9/1,9/1,not_possible_in_family
image-13,singleton,1,1,complete,supported,9/1,7/1,9/1,not_possible_in_family
image-13,singleton,2,1,complete,supported,9/1,7/1,9/1,not_possible_in_family
image-13,singleton,4,1,complete,supported,9/1,7/1,9/1,not_possible_in_family
image-13,singleton,8,1,complete,supported,9/1,7/1,11/1,not_possible_in_family
image-13,singleton,16,1,complete,supported,9/1,7/1,11/1,not_possible_in_family
image-13,singleton,32,1,complete,supported,9/1,7/1,11/1,not_possible_in_family
image-13,singleton,64,1,complete,supported,9/1,7/1,11/1,not_possible_in_family
image-14,singleton,0,1,complete,excluded,0/1,0/1,0/1,0
image-14,singleton,1,1,complete,excluded,0/1,0/1,0/1,0
image-14,singleton,2,1,complete,excluded,0/1,0/1,0/1,0
image-14,singleton,4,1,complete,excluded,0/1,0/1,0/1,0
image-14,singleton,8,1,complete,excluded,0/1,0/1,0/1,0
image-14,singleton,16,1,complete,excluded,0/1,0/1,0/1,0
image-14,singleton,32,1,complete,unresolved,0/1,-2/1,2/1,0
image-14,singleton,64,1,complete,unresolved,0/1,-2/1,2/1,0
image-15,singleton,0,1,complete,supported,1/1,1/1,1/1,not_possible_in_family
image-15,singleton,1,1,complete,supported,1/1,1/1,1/1,not_possible_in_family
image-15,singleton,2,1,complete,supported,1/1,1/1,1/1,not_possible_in_family
image-15,singleton,4,1,complete,supported,1/1,1/1,1/1,not_possible_in_family
image-15,singleton,8,1,complete,supported,1/1,1/1,1/1,not_possible_in_family
image-15,singleton,16,1,complete,supported,1/1,1/1,1/1,not_possible_in_family
image-15,singleton,32,1,complete,unresolved,1/1,-1/1,1/1,1
image-15,singleton,64,1,complete,unresolved,1/1,-1/1,3/1,1
image-16,singleton,0,1,complete,excluded,-1/1,-1/1,-1/1,0
image-16,singleton,1,1,complete,excluded,-1/1,-1/1,-1/1,0
image-16,singleton,2,1,complete,excluded,-1/1,-1/1,-1/1,0
image-16,singleton,4,1,complete,excluded,-1/1,-1/1,-1/1,0
image-16,singleton,8,1,complete,unresolved,-1/1,-1/1,1/1,0
image-16,singleton,16,1,complete,unresolved,-1/1,-1/1,1/1,0
image-16,singleton,32,1,complete,unresolved,-1/1,-1/1,1/1,0
image-16,singleton,64,1,complete,unresolved,-1/1,-1/1,1/1,0
image-17,singleton,0,1,complete,excluded,0/1,0/1,0/1,0
image-17,singleton,1,1,complete,excluded,0/1,0/1,0/1,0
image-17,singleton,2,1,complete,excluded,0/1,0/1,0/1,0
image-17,singleton,4,1,complete,excluded,0/1,0/1,0/1,0
image-17,singleton,8,1,complete,excluded,0/1,0/1,0/1,0
image-17,singleton,16,1,complete,excluded,0/1,0/1,0/1,0
image-17,singleton,32,1,complete,unresolved,0/1,-2/1,2/1,0
image-17,singleton,64,1,complete,unresolved,0/1,-2/1,2/1,0
image-18,singleton,0,1,complete,excluded,0/1,0/1,0/1,0
image-18,singleton,1,1,complete,excluded,0/1,0/1,0/1,0
image-18,singleton,2,1,complete,excluded,0/1,0/1,0/1,0
image-18,singleton,4,1,complete,excluded,0/1,0/1,0/1,0
image-18,singleton,8,1,complete,excluded,0/1,0/1,0/1,0
image-18,singleton,16,1,complete,excluded,0/1,0/1,0/1,0
image-18,singleton,32,1,complete,excluded,0/1,0/1,0/1,0
image-18,singleton,64,1,complete,excluded,0/1,0/1,0/1,0
image-19,singleton,0,1,complete,supported,2/1,2/1,2/1,not_possible_in_family
image-19,singleton,1,1,complete,supported,2/1,2/1,2/1,not_possible_in_family
image-19,singleton,2,1,complete,supported,2/1,2/1,2/1,not_possible_in_family
image-19,singleton,4,1,complete,supported,2/1,2/1,2/1,not_possible_in_family
image-19,singleton,8,1,complete,supported,2/1,2/1,2/1,not_possible_in_family
image-19,singleton,16,1,complete,supported,2/1,2/1,2/1,not_possible_in_family
image-19,singleton,32,1,complete,unresolved,2/1,0/1,4/1,1
image-19,singleton,64,1,complete,unresolved,2/1,0/1,4/1,1
image-20,singleton,0,1,complete,excluded,0/1,0/1,0/1,0
image-20,singleton,1,1,complete,excluded,0/1,0/1,0/1,0
image-20,singleton,2,1,complete,excluded,0/1,0/1,0/1,0
image-20,singleton,4,1,complete,excluded,0/1,0/1,0/1,0
image-20,singleton,8,1,complete,excluded,0/1,0/1,0/1,0
image-20,singleton,16,1,complete,unresolved,0/1,0/1,2/1,0
image-20,singleton,32,1,complete,unresolved,0/1,-2/1,2/1,0
image-20,singleton,64,1,complete,unresolved,0/1,-2/1,2/1,0
image-21,singleton,0,1,complete,supported,1/1,1/1,1/1,not_possible_in_family
image-21,singleton,1,1,complete,supported,1/1,1/1,1/1,not_possible_in_family
image-21,singleton,2,1,complete,supported,1/1,1/1,1/1,not_possible_in_family
image-21,singleton,4,1,complete,unresolved,1/1,-1/1,1/1,1
image-21,singleton,8,1,complete,unresolved,1/1,-1/1,1/1,1
image-21,singleton,16,1,complete,unresolved,1/1,-1/1,3/1,1
image-21,singleton,32,1,complete,unresolved,1/1,-1/1,3/1,1
image-21,singleton,64,1,complete,unresolved,1/1,-1/1,3/1,1
image-22,singleton,0,1,complete,excluded,0/1,0/1,0/1,0
image-22,singleton,1,1,complete,excluded,0/1,0/1,0/1,0
image-22,singleton,2,1,complete,excluded,0/1,0/1,0/1,0
image-22,singleton,4,1,complete,excluded,0/1,0/1,0/1,0
image-22,singleton,8,1,complete,excluded,0/1,0/1,0/1,0
image-22,singleton,16,1,complete,unresolved,0/1,-2/1,2/1,0
image-22,singleton,32,1,complete,unresolved,0/1,-2/1,2/1,0
image-22,singleton,64,1,complete,unresolved,0/1,-2/1,2/1,0
image-23,singleton,0,1,complete,excluded,0/1,0/1,0/1,0
image-23,singleton,1,1,complete,excluded,0/1,0/1,0/1,0
image-23,singleton,2,1,complete,excluded,0/1,0/1,0/1,0
image-23,singleton,4,1,complete,excluded,0/1,0/1,0/1,0
image-23,singleton,8,1,complete,excluded,0/1,0/1,0/1,0
image-23,singleton,16,1,complete,excluded,0/1,0/1,0/1,0
image-23,singleton,32,1,complete,excluded,0/1,0/1,0/1,0
image-23,singleton,64,1,complete,excluded,0/1,0/1,0/1,0
image-24,singleton,0,1,complete,excluded,0/1,0/1,0/1,0
image-24,singleton,1,1,complete,excluded,0/1,0/1,0/1,0
image-24,singleton,2,1,complete,excluded,0/1,0/1,0/1,0
image-24,singleton,4,1,complete,excluded,0/1,0/1,0/1,0
image-24,singleton,8,1,complete,excluded,0/1,0/1,0/1,0
image-24,singleton,16,1,complete,excluded,0/1,-2/1,0/1,0
image-24,singleton,32,1,complete,unresolved,0/1,-2/1,2/1,0
image-24,singleton,64,1,complete,unresolved,0/1,-2/1,2/1,0
image-25,singleton,0,1,complete,excluded,-1/1,-1/1,-1/1,0
image-25,singleton,1,1,complete,excluded,-1/1,-1/1,-1/1,0
image-25,singleton,2,1,complete,excluded,-1/1,-1/1,-1/1,0
image-25,singleton,4,1,complete,excluded,-1/1,-1/1,-1/1,0
image-25,singleton,8,1,complete,excluded,-1/1,-3/1,-1/1,0
image-25,singleton,16,1,complete,unresolved,-1/1,-3/1,1/1,0
image-25,singleton,32,1,complete,unresolved,-1/1,-3/1,1/1,0
image-25,singleton,64,1,complete,unresolved,-1/1,-3/1,1/1,0
image-26,singleton,0,1,complete,excluded,-3/1,-3/1,-3/1,0
image-26,singleton,1,1,complete,excluded,-3/1,-3/1,-1/1,0
image-26,singleton,2,1,complete,excluded,-3/1,-3/1,-1/1,0
image-26,singleton,4,1,complete,excluded,-3/1,-3/1,-1/1,0
image-26,singleton,8,1,complete,excluded,-3/1,-3/1,-1/1,0
image-26,singleton,16,1,complete,unresolved,-3/1,-3/1,1/1,0
image-26,singleton,32,1,complete,unresolved,-3/1,-5/1,1/1,0
image-26,singleton,64,1,complete,unresolved,-3/1,-5/1,1/1,0
image-27,singleton,0,1,complete,excluded,-1/1,-1/1,-1/1,0
image-27,singleton,1,1,complete,excluded,-1/1,-1/1,-1/1,0
image-27,singleton,2,1,complete,excluded,-1/1,-1/1,-1/1,0
image-27,singleton,4,1,complete,unresolved,-1/1,-1/1,1/1,0
image-27,singleton,8,1,complete,unresolved,-1/1,-1/1,1/1,0
image-27,singleton,16,1,complete,unresolved,-1/1,-1/1,1/1,0
image-27,singleton,32,1,complete,unresolved,-1/1,-3/1,1/1,0
image-27,singleton,64,1,complete,unresolved,-1/1,-3/1,1/1,0
image-28,singleton,0,1,complete,supported,2/1,2/1,2/1,not_possible_in_family
image-28,singleton,1,1,complete,supported,2/1,2/1,2/1,not_possible_in_family
image-28,singleton,2,1,complete,supported,2/1,2/1,2/1,not_possible_in_family
image-28,singleton,4,1,complete,supported,2/1,2/1,2/1,not_possible_in_family
image-28,singleton,8,1,complete,unresolved,2/1,0/1,2/1,1
image-28,singleton,16,1,complete,unresolved,2/1,0/1,2/1,1
image-28,singleton,32,1,complete,unresolved,2/1,0/1,2/1,1
image-28,singleton,64,1,complete,unresolved,2/1,0/1,2/1,1
image-29,singleton,0,1,complete,supported,1/1,1/1,1/1,not_possible_in_family
image-29,singleton,1,1,complete,supported,1/1,1/1,1/1,not_possible_in_family
image-29,singleton,2,1,complete,supported,1/1,1/1,1/1,not_possible_in_family
image-29,singleton,4,1,complete,supported,1/1,1/1,1/1,not_possible_in_family
image-29,singleton,8,1,complete,supported,1/1,1/1,3/1,not_possible_in_family
image-29,singleton,16,1,complete,unresolved,1/1,-1/1,3/1,1
image-29,singleton,32,1,complete,unresolved,1/1,-1/1,5/1,1
image-29,singleton,64,1,complete,unresolved,1/1,-1/1,5/1,1
image-30,singleton,0,1,complete,excluded,0/1,0/1,0/1,0
image-30,singleton,1,1,complete,unresolved,0/1,0/1,2/1,0
image-30,singleton,2,1,complete,unresolved,0/1,0/1,2/1,0
image-30,singleton,4,1,complete,unresolved,0/1,0/1,2/1,0
image-30,singleton,8,1,complete,unresolved,0/1,0/1,2/1,0
image-30,singleton,16,1,complete,unresolved,0/1,-2/1,2/1,0
image-30,singleton,32,1,complete,unresolved,0/1,-2/1,2/1,0
image-30,singleton,64,1,complete,unresolved,0/1,-2/1,2/1,0
image-31,singleton,0,1,complete,supported,2/1,2/1,2/1,not_possible_in_family
image-31,singleton,1,1,complete,supported,2/1,2/1,2/1,not_possible_in_family
image-31,singleton,2,1,complete,supported,2/1,2/1,2/1,not_possible_in_family
image-31,singleton,4,1,complete,supported,2/1,2/1,2/1,not_possible_in_family
image-31,singleton,8,1,complete,unresolved,2/1,0/1,2/1,1
image-31,singleton,16,1,complete,unresolved,2/1,0/1,4/1,1
image-31,singleton,32,1,complete,unresolved,2/1,0/1,4/1,1
image-31,singleton,64,1,complete,unresolved,2/1,0/1,4/1,1
image-32,singleton,0,1,complete,supported,1/1,1/1,1/1,not_possible_in_family
image-32,singleton,1,1,complete,supported,1/1,1/1,1/1,not_possible_in_family
image-32,singleton,2,1,complete,supported,1/1,1/1,1/1,not_possible_in_family
image-32,singleton,4,1,complete,supported,1/1,1/1,3/1,not_possible_in_family
image-32,singleton,8,1,complete,supported,1/1,1/1,3/1,not_possible_in_family
image-32,singleton,16,1,complete,unresolved,1/1,-1/1,3/1,1
image-32,singleton,32,1,complete,unresolved,1/1,-1/1,3/1,1
image-32,singleton,64,1,complete,unresolved,1/1,-1/1,3/1,1
image-33,singleton,0,1,complete,supported,4/1,4/1,4/1,not_possible_in_family
image-33,singleton,1,1,complete,supported,4/1,4/1,4/1,not_possible_in_family
image-33,singleton,2,1,complete,supported,4/1,4/1,4/1,not_possible_in_family
image-33,singleton,4,1,complete,supported,4/1,4/1,4/1,not_possible_in_family
image-33,singleton,8,1,complete,supported,4/1,2/1,4/1,not_possible_in_family
image-33,singleton,16,1,complete,supported,4/1,2/1,4/1,not_possible_in_family
image-33,singleton,32,1,complete,supported,4/1,2/1,6/1,not_possible_in_family
image-33,singleton,64,1,complete,supported,4/1,2/1,6/1,not_possible_in_family
image-34,singleton,0,1,complete,supported,1/1,1/1,1/1,not_possible_in_family
image-34,singleton,1,1,complete,supported,1/1,1/1,1/1,not_possible_in_family
image-34,singleton,2,1,complete,supported,1/1,1/1,1/1,not_possible_in_family
image-34,singleton,4,1,complete,supported,1/1,1/1,1/1,not_possible_in_family
image-34,singleton,8,1,complete,supported,1/1,1/1,1/1,not_possible_in_family
image-34,singleton,16,1,complete,supported,1/1,1/1,1/1,not_possible_in_family
image-34,singleton,32,1,complete,unresolved,1/1,-1/1,1/1,1
image-34,singleton,64,1,complete,unresolved,1/1,-1/1,3/1,1
image-35,singleton,0,1,complete,excluded,0/1,0/1,0/1,0
image-35,singleton,1,1,complete,excluded,0/1,0/1,0/1,0
image-35,singleton,2,1,complete,excluded,0/1,0/1,0/1,0
image-35,singleton,4,1,complete,excluded,0/1,0/1,0/1,0
image-35,singleton,8,1,complete,excluded,0/1,-2/1,0/1,0
image-35,singleton,16,1,complete,excluded,0/1,-2/1,0/1,0
image-35,singleton,32,1,complete,unresolved,0/1,-2/1,2/1,0
image-35,singleton,64,1,complete,unresolved,0/1,-2/1,2/1,0
image-36,singleton,0,1,complete,supported,1/1,1/1,1/1,not_possible_in_family
image-36,singleton,1,1,complete,supported,1/1,1/1,1/1,not_possible_in_family
image-36,singleton,2,1,complete,supported,1/1,1/1,1/1,not_possible_in_family
image-36,singleton,4,1,complete,unresolved,1/1,-1/1,1/1,1
image-36,singleton,8,1,complete,unresolved,1/1,-1/1,1/1,1
image-36,singleton,16,1,complete,unresolved,1/1,-1/1,1/1,1
image-36,singleton,32,1,complete,unresolved,1/1,-1/1,1/1,1
image-36,singleton,64,1,complete,unresolved,1/1,-1/1,1/1,1
image-37,singleton,0,1,complete,excluded,-1/1,-1/1,-1/1,0
image-37,singleton,1,1,complete,excluded,-1/1,-1/1,-1/1,0
image-37,singleton,2,1,complete,excluded,-1/1,-1/1,-1/1,0
image-37,singleton,4,1,complete,excluded,-1/1,-1/1,-1/1,0
image-37,singleton,8,1,complete,unresolved,-1/1,-1/1,1/1,0
image-37,singleton,16,1,complete,unresolved,-1/1,-1/1,1/1,0
image-37,singleton,32,1,complete,unresolved,-1/1,-1/1,1/1,0
image-37,singleton,64,1,complete,unresolved,-1/1,-1/1,1/1,0
image-38,singleton,0,1,complete,supported,1/1,1/1,1/1,not_possible_in_family
image-38,singleton,1,1,complete,supported,1/1,1/1,1/1,not_possible_in_family
image-38,singleton,2,1,complete,supported,1/1,1/1,1/1,not_possible_in_family
image-38,singleton,4,1,complete,supported,1/1,1/1,1/1,not_possible_in_family
image-38,singleton,8,1,complete,unresolved,1/1,-1/1,1/1,1
image-38,singleton,16,1,complete,unresolved,1/1,-1/1,3/1,1
image-38,singleton,32,1,complete,unresolved,1/1,-1/1,3/1,1
image-38,singleton,64,1,complete,unresolved,1/1,-1/1,3/1,1
image-39,singleton,0,1,complete,excluded,-1/1,-1/1,-1/1,0
image-39,singleton,1,1,complete,excluded,-1/1,-1/1,-1/1,0
image-39,singleton,2,1,complete,excluded,-1/1,-1/1,-1/1,0
image-39,singleton,4,1,complete,excluded,-1/1,-1/1,-1/1,0
image-39,singleton,8,1,complete,excluded,-1/1,-1/1,-1/1,0
image-39,singleton,16,1,complete,excluded,-1/1,-1/1,-1/1,0
image-39,singleton,32,1,complete,excluded,-1/1,-1/1,-1/1,0
image-39,singleton,64,1,complete,unresolved,-1/1,-1/1,1/1,0
image-40,singleton,0,1,complete,excluded,0/1,0/1,0/1,0
image-40,singleton,1,1,complete,excluded,0/1,0/1,0/1,0
image-40,singleton,2,1,complete,excluded,0/1,0/1,0/1,0
image-40,singleton,4,1,complete,unresolved,0/1,0/1,2/1,0
image-40,singleton,8,1,complete,unresolved,0/1,-2/1,2/1,0
image-40,singleton,16,1,complete,unresolved,0/1,-2/1,2/1,0
image-40,singleton,32,1,complete,unresolved,0/1,-2/1,2/1,0
image-40,singleton,64,1,complete,unresolved,0/1,-2/1,2/1,0
image-41,singleton,0,1,complete,supported,1/1,1/1,1/1,not_possible_in_family
image-41,singleton,1,1,complete,supported,1/1,1/1,1/1,not_possible_in_family
image-41,singleton,2,1,complete,supported,1/1,1/1,1/1,not_possible_in_family
image-41,singleton,4,1,complete,supported,1/1,1/1,1/1,not_possible_in_family
image-41,singleton,8,1,complete,supported,1/1,1/1,1/1,not_possible_in_family
image-41,singleton,16,1,complete,unresolved,1/1,-1/1,3/1,1
image-41,singleton,32,1,complete,unresolved,1/1,-1/1,3/1,1
image-41,singleton,64,1,complete,unresolved,1/1,-1/1,3/1,1
image-42,singleton,0,1,complete,excluded,0/1,0/1,0/1,0
image-42,singleton,1,1,complete,excluded,0/1,0/1,0/1,0
image-42,singleton,2,1,complete,excluded,0/1,0/1,0/1,0
image-42,singleton,4,1,complete,excluded,0/1,0/1,0/1,0
image-42,singleton,8,1,complete,excluded,0/1,0/1,0/1,0
image-42,singleton,16,1,complete,excluded,0/1,0/1,0/1,0
image-42,singleton,32,1,complete,excluded,0/1,0/1,0/1,0
image-42,singleton,64,1,complete,excluded,0/1,0/1,0/1,0
image-43,singleton,0,1,complete,excluded,-1/1,-1/1,-1/1,0
image-43,singleton,1,1,complete,excluded,-1/1,-1/1,-1/1,0
image-43,singleton,2,1,complete,excluded,-1/1,-1/1,-1/1,0
image-43,singleton,4,1,complete,excluded,-1/1,-1/1,-1/1,0
image-43,singleton,8,1,complete,excluded,-1/1,-1/1,-1/1,0
image-43,singleton,16,1,complete,excluded,-1/1,-1/1,-1/1,0
image-43,singleton,32,1,complete,unresolved,-1/1,-3/1,1/1,0
image-43,singleton,64,1,complete,unresolved,-1/1,-3/1,1/1,0
image-44,singleton,0,1,complete,supported,1/1,1/1,1/1,not_possible_in_family
image-44,singleton,1,1,complete,supported,1/1,1/1,1/1,not_possible_in_family
image-44,singleton,2,1,complete,supported,1/1,1/1,1/1,not_possible_in_family
image-44,singleton,4,1,complete,supported,1/1,1/1,1/1,not_possible_in_family
image-44,singleton,8,1,complete,supported,1/1,1/1,1/1,not_possible_in_family
image-44,singleton,16,1,complete,supported,1/1,1/1,1/1,not_possible_in_family
image-44,singleton,32,1,complete,supported,1/1,1/1,1/1,not_possible_in_family
image-44,singleton,64,1,complete,supported,1/1,1/1,1/1,not_possible_in_family
image-45,singleton,0,1,complete,supported,1/1,1/1,1/1,not_possible_in_family
image-45,singleton,1,1,complete,supported,1/1,1/1,1/1,not_possible_in_family
image-45,singleton,2,1,complete,supported,1/1,1/1,1/1,not_possible_in_family
image-45,singleton,4,1,complete,supported,1/1,1/1,1/1,not_possible_in_family
image-45,singleton,8,1,complete,unresolved,1/1,-1/1,1/1,1
image-45,singleton,16,1,complete,unresolved,1/1,-1/1,3/1,1
image-45,singleton,32,1,complete,unresolved,1/1,-1/1,3/1,1
image-45,singleton,64,1,complete,unresolved,1/1,-1/1,3/1,1
image-46,singleton,0,1,complete,excluded,-1/1,-1/1,-1/1,0
image-46,singleton,1,1,complete,excluded,-1/1,-1/1,-1/1,0
image-46,singleton,2,1,complete,excluded,-1/1,-1/1,-1/1,0
image-46,singleton,4,1,complete,excluded,-1/1,-1/1,-1/1,0
image-46,singleton,8,1,complete,excluded,-1/1,-1/1,-1/1,0
image-46,singleton,16,1,complete,excluded,-1/1,-1/1,-1/1,0
image-46,singleton,32,1,complete,excluded,-1/1,-1/1,-1/1,0
image-46,singleton,64,1,complete,excluded,-1/1,-1/1,-1/1,0
image-47,singleton,0,1,complete,excluded,0/1,0/1,0/1,0
image-47,singleton,1,1,complete,excluded,0/1,0/1,0/1,0
image-47,singleton,2,1,complete,excluded,0/1,0/1,0/1,0
image-47,singleton,4,1,complete,excluded,0/1,0/1,0/1,0
image-47,singleton,8,1,complete,excluded,0/1,0/1,0/1,0
image-47,singleton,16,1,complete,excluded,0/1,0/1,0/1,0
image-47,singleton,32,1,complete,excluded,0/1,0/1,0/1,0
image-47,singleton,64,1,complete,excluded,0/1,0/1,0/1,0
image-48,singleton,0,1,complete,supported,1/1,1/1,1/1,not_possible_in_family
image-48,singleton,1,1,complete,unresolved,1/1,-1/1,1/1,1
image-48,singleton,2,1,complete,unresolved,1/1,-1/1,1/1,1
image-48,singleton,4,1,complete,unresolved,1/1,-1/1,1/1,1
image-48,singleton,8,1,complete,unresolved,1/1,-1/1,1/1,1
image-48,singleton,16,1,complete,unresolved,1/1,-1/1,1/1,1
image-48,singleton,32,1,complete,unresolved,1/1,-1/1,1/1,1
image-48,singleton,64,1,complete,unresolved,1/1,-1/1,3/1,1
image-49,singleton,0,1,complete,excluded,0/1,0/1,0/1,0
image-49,singleton,1,1,complete,excluded,0/1,0/1,0/1,0
image-49,singleton,2,1,complete,excluded,0/1,0/1,0/1,0
image-49,singleton,4,1,complete,excluded,0/1,0/1,0/1,0
image-49,singleton,8,1,complete,excluded,0/1,0/1,0/1,0
image-49,singleton,16,1,complete,excluded,0/1,0/1,0/1,0
image-49,singleton,32,1,complete,unresolved,0/1,-2/1,2/1,0
image-49,singleton,64,1,complete,unresolved,0/1,-2/1,2/1,0
image-50,singleton,0,1,complete,supported,2/1,2/1,2/1,not_possible_in_family
image-50,singleton,1,1,complete,supported,2/1,2/1,2/1,not_possible_in_family
image-50,singleton,2,1,complete,supported,2/1,2/1,2/1,not_possible_in_family
image-50,singleton,4,1,complete,supported,2/1,2/1,2/1,not_possible_in_family
image-50,singleton,8,1,complete,unresolved,2/1,0/1,2/1,1
image-50,singleton,16,1,complete,unresolved,2/1,0/1,2/1,1
image-50,singleton,32,1,complete,unresolved,2/1,0/1,4/1,1
image-50,singleton,64,1,complete,unresolved,2/1,0/1,4/1,1
image-51,singleton,0,1,complete,excluded,0/1,0/1,0/1,0
image-51,singleton,1,1,complete,excluded,0/1,0/1,0/1,0
image-51,singleton,2,1,complete,excluded,0/1,0/1,0/1,0
image-51,singleton,4,1,complete,excluded,0/1,0/1,0/1,0
image-51,singleton,8,1,complete,excluded,0/1,0/1,0/1,0
image-51,singleton,16,1,complete,unresolved,0/1,-2/1,2/1,0
image-51,singleton,32,1,complete,unresolved,0/1,-2/1,2/1,0
image-51,singleton,64,1,complete,unresolved,0/1,-2/1,2/1,0
image-52,singleton,0,1,complete,supported,1/1,1/1,1/1,not_possible_in_family
image-52,singleton,1,1,complete,supported,1/1,1/1,1/1,not_possible_in_family
image-52,singleton,2,1,complete,supported,1/1,1/1,1/1,not_possible_in_family
image-52,singleton,4,1,complete,supported,1/1,1/1,1/1,not_possible_in_family
image-52,singleton,8,1,complete,unresolved,1/1,-1/1,3/1,1
image-52,singleton,16,1,complete,unresolved,1/1,-1/1,3/1,1
image-52,singleton,32,1,complete,unresolved,1/1,-1/1,3/1,1
image-52,singleton,64,1,complete,unresolved,1/1,-1/1,3/1,1
image-53,singleton,0,1,complete,excluded,0/1,0/1,0/1,0
image-53,singleton,1,1,complete,excluded,0/1,0/1,0/1,0
image-53,singleton,2,1,complete,excluded,0/1,0/1,0/1,0
image-53,singleton,4,1,complete,excluded,0/1,0/1,0/1,0
image-53,singleton,8,1,complete,excluded,0/1,0/1,0/1,0
image-53,singleton,16,1,complete,excluded,0/1,0/1,0/1,0
image-53,singleton,32,1,complete,excluded,0/1,0/1,0/1,0
image-53,singleton,64,1,complete,excluded,0/1,0/1,0/1,0
image-54,singleton,0,1,complete,excluded,0/1,0/1,0/1,0
image-54,singleton,1,1,complete,excluded,0/1,0/1,0/1,0
image-54,singleton,2,1,complete,excluded,0/1,0/1,0/1,0
image-54,singleton,4,1,complete,excluded,0/1,0/1,0/1,0
image-54,singleton,8,1,complete,excluded,0/1,0/1,0/1,0
image-54,singleton,16,1,complete,excluded,0/1,0/1,0/1,0
image-54,singleton,32,1,complete,excluded,0/1,0/1,0/1,0
image-54,singleton,64,1,complete,excluded,0/1,-2/1,0/1,0
image-55,singleton,0,1,complete,excluded,-2/1,-2/1,-2/1,0
image-55,singleton,1,1,complete,excluded,-2/1,-2/1,-2/1,0
image-55,singleton,2,1,complete,excluded,-2/1,-2/1,-2/1,0
image-55,singleton,4,1,complete,excluded,-2/1,-2/1,0/1,0
image-55,singleton,8,1,complete,excluded,-2/1,-2/1,0/1,0
image-55,singleton,16,1,complete,excluded,-2/1,-2/1,0/1,0
image-55,singleton,32,1,complete,excluded,-2/1,-4/1,0/1,0
image-55,singleton,64,1,complete,excluded,-2/1,-4/1,0/1,0
image-56,singleton,0,1,complete,excluded,0/1,0/1,0/1,0
image-56,singleton,1,1,complete,excluded,0/1,0/1,0/1,0
image-56,singleton,2,1,complete,excluded,0/1,0/1,0/1,0
image-56,singleton,4,1,complete,excluded,0/1,0/1,0/1,0
image-56,singleton,8,1,complete,excluded,0/1,0/1,0/1,0
image-56,singleton,16,1,complete,excluded,0/1,-2/1,0/1,0
image-56,singleton,32,1,complete,unresolved,0/1,-2/1,2/1,0
image-56,singleton,64,1,complete,unresolved,0/1,-2/1,2/1,0
image-57,singleton,0,1,complete,supported,2/1,2/1,2/1,not_possible_in_family
image-57,singleton,1,1,complete,supported,2/1,2/1,2/1,not_possible_in_family
image-57,singleton,2,1,complete,supported,2/1,2/1,2/1,not_possible_in_family
image-57,singleton,4,1,complete,unresolved,2/1,0/1,2/1,1
image-57,singleton,8,1,complete,unresolved,2/1,0/1,4/1,1
image-57,singleton,16,1,complete,unresolved,2/1,0/1,4/1,1
image-57,singleton,32,1,complete,unresolved,2/1,0/1,4/1,1
image-57,singleton,64,1,complete,unresolved,2/1,0/1,4/1,1
image-58,singleton,0,1,complete,supported,1/1,1/1,1/1,not_possible_in_family
image-58,singleton,1,1,complete,supported,1/1,1/1,1/1,not_possible_in_family
image-58,singleton,2,1,complete,supported,1/1,1/1,1/1,not_possible_in_family
image-58,singleton,4,1,complete,supported,1/1,1/1,1/1,not_possible_in_family
image-58,singleton,8,1,complete,supported,1/1,1/1,1/1,not_possible_in_family
image-58,singleton,16,1,complete,unresolved,1/1,-1/1,3/1,1
image-58,singleton,32,1,complete,unresolved,1/1,-1/1,3/1,1
image-58,singleton,64,1,complete,unresolved,1/1,-1/1,3/1,1
image-59,singleton,0,1,complete,supported,1/1,1/1,1/1,not_possible_in_family
image-59,singleton,1,1,complete,supported,1/1,1/1,1/1,not_possible_in_family
image-59,singleton,2,1,complete,supported,1/1,1/1,1/1,not_possible_in_family
image-59,singleton,4,1,complete,supported,1/1,1/1,1/1,not_possible_in_family
image-59,singleton,8,1,complete,supported,1/1,1/1,1/1,not_possible_in_family
image-59,singleton,16,1,complete,unresolved,1/1,-1/1,1/1,1
image-59,singleton,32,1,complete,unresolved,1/1,-1/1,3/1,1
image-59,singleton,64,1,complete,unresolved,1/1,-1/1,3/1,1
image-60,singleton,0,1,complete,excluded,-3/1,-3/1,-3/1,0
image-60,singleton,1,1,complete,excluded,-3/1,-3/1,-3/1,0
image-60,singleton,2,1,complete,excluded,-3/1,-3/1,-3/1,0
image-60,singleton,4,1,complete,excluded,-3/1,-3/1,-3/1,0
image-60,singleton,8,1,complete,excluded,-3/1,-5/1,-1/1,0
image-60,singleton,16,1,complete,excluded,-3/1,-5/1,-1/1,0
image-60,singleton,32,1,complete,excluded,-3/1,-5/1,-1/1,0
image-60,singleton,64,1,complete,excluded,-3/1,-5/1,-1/1,0
image-61,singleton,0,1,complete,supported,1/1,1/1,1/1,not_possible_in_family
image-61,singleton,1,1,complete,supported,1/1,1/1,1/1,not_possible_in_family
image-61,singleton,2,1,complete,unresolved,1/1,-1/1,1/1,1
image-61,singleton,4,1,complete,unresolved,1/1,-1/1,1/1,1
image-61,singleton,8,1,complete,unresolved,1/1,-1/1,1/1,1
image-61,singleton,16,1,complete,unresolved,1/1,-1/1,1/1,1
image-61,singleton,32,1,complete,unresolved,1/1,-1/1,1/1,1
image-61,singleton,64,1,complete,unresolved,1/1,-1/1,1/1,1
image-62,singleton,0,1,complete,supported,3/1,3/1,3/1,not_possible_in_family
image-62,singleton,1,1,complete,supported,3/1,3/1,3/1,not_possible_in_family
image-62,singleton,2,1,complete,supported,3/1,3/1,5/1,not_possible_in_family
image-62,singleton,4,1,complete,supported,3/1,3/1,5/1,not_possible_in_family
image-62,singleton,8,1,complete,supported,3/1,3/1,5/1,not_possible_in_family
image-62,singleton,16,1,complete,supported,3/1,1/1,5/1,not_possible_in_family
image-62,singleton,32,1,complete,supported,3/1,1/1,5/1,not_possible_in_family
image-62,singleton,64,1,complete,supported,3/1,1/1,5/1,not_possible_in_family
image-63,singleton,0,1,complete,excluded,-1/1,-1/1,-1/1,0
image-63,singleton,1,1,complete,excluded,-1/1,-1/1,-1/1,0
image-63,singleton,2,1,complete,excluded,-1/1,-1/1,-1/1,0
image-63,singleton,4,1,complete,excluded,-1/1,-1/1,-1/1,0
image-63,singleton,8,1,complete,excluded,-1/1,-1/1,-1/1,0
image-63,singleton,16,1,complete,unresolved,-1/1,-3/1,1/1,0
image-63,singleton,32,1,complete,unresolved,-1/1,-3/1,1/1,0
image-63,singleton,64,1,complete,unresolved,-1/1,-3/1,1/1,0
block-00,block,0,8,complete,supported,1/1,1/1,1/1,not_possible_in_family
block-00,block,1,8,complete,supported,1/1,1/1,5/4,not_possible_in_family
block-00,block,2,8,complete,supported,1/1,1/1,3/2,not_possible_in_family
block-00,block,4,8,complete,supported,1/1,1/1,3/2,not_possible_in_family
block-00,block,8,8,complete,supported,1/1,1/2,7/4,not_possible_in_family
block-00,block,16,8,complete,unresolved,1/1,0/1,9/4,4
block-00,block,32,8,complete,unresolved,1/1,-1/2,11/4,4
block-00,block,64,8,complete,unresolved,1/1,-1/1,11/4,4
block-01,block,0,8,complete,supported,7/4,7/4,7/4,not_possible_in_family
block-01,block,1,8,complete,supported,7/4,5/4,7/4,not_possible_in_family
block-01,block,2,8,complete,supported,7/4,5/4,7/4,not_possible_in_family
block-01,block,4,8,complete,supported,7/4,1/1,7/4,not_possible_in_family
block-01,block,8,8,complete,supported,7/4,3/4,5/2,not_possible_in_family
block-01,block,16,8,complete,supported,7/4,1/4,13/4,not_possible_in_family
block-01,block,32,8,complete,unresolved,7/4,-1/4,7/2,7
block-01,block,64,8,complete,unresolved,7/4,-1/4,15/4,7
block-02,block,0,8,complete,supported,1/4,1/4,1/4,not_possible_in_family
block-02,block,1,8,complete,supported,1/4,1/4,1/4,not_possible_in_family
block-02,block,2,8,complete,supported,1/4,1/4,1/4,not_possible_in_family
block-02,block,4,8,complete,unresolved,1/4,0/1,1/4,1
block-02,block,8,8,complete,unresolved,1/4,0/1,1/2,1
block-02,block,16,8,complete,unresolved,1/4,-1/4,5/4,1
block-02,block,32,8,complete,unresolved,1/4,-1/1,7/4,1
block-02,block,64,8,complete,unresolved,1/4,-1/1,7/4,1
block-03,block,0,8,complete,excluded,0/1,0/1,0/1,0
block-03,block,1,8,complete,unresolved,0/1,0/1,1/2,0
block-03,block,2,8,complete,unresolved,0/1,0/1,1/2,0
block-03,block,4,8,complete,unresolved,0/1,0/1,3/4,0
block-03,block,8,8,complete,unresolved,0/1,-3/4,1/1,0
block-03,block,16,8,complete,unresolved,0/1,-3/2,7/4,0
block-03,block,32,8,complete,unresolved,0/1,-2/1,9/4,0
block-03,block,64,8,complete,unresolved,0/1,-2/1,9/4,0
block-04,block,0,8,complete,supported,3/4,3/4,3/4,not_possible_in_family
block-04,block,1,8,complete,supported,3/4,3/4,3/4,not_possible_in_family
block-04,block,2,8,complete,supported,3/4,3/4,3/4,not_possible_in_family
block-04,block,4,8,complete,supported,3/4,1/2,1/1,not_possible_in_family
block-04,block,8,8,complete,unresolved,3/4,-1/4,5/4,3
block-04,block,16,8,complete,unresolved,3/4,-1/2,3/2,3
block-04,block,32,8,complete,unresolved,3/4,-3/4,2/1,3
block-04,block,64,8,complete,unresolved,3/4,-3/4,5/2,3
block-05,block,0,8,complete,supported,1/8,1/8,1/8,not_possible_in_family
block-05,block,1,8,complete,supported,1/8,1/8,1/8,not_possible_in_family
block-05,block,2,8,complete,supported,1/8,1/8,1/8,not_possible_in_family
block-05,block,4,8,complete,supported,1/8,1/8,3/8,not_possible_in_family
block-05,block,8,8,complete,unresolved,1/8,-3/8,3/8,1
block-05,block,16,8,complete,unresolved,1/8,-5/8,7/8,1
block-05,block,32,8,complete,unresolved,1/8,-7/8,9/8,1
block-05,block,64,8,complete,unresolved,1/8,-7/8,9/8,1
block-06,block,0,8,complete,supported,1/4,1/4,1/4,not_possible_in_family
block-06,block,1,8,complete,unresolved,1/4,0/1,1/4,1
block-06,block,2,8,complete,unresolved,1/4,0/1,1/4,1
block-06,block,4,8,complete,unresolved,1/4,0/1,1/2,1
block-06,block,8,8,complete,unresolved,1/4,-1/2,3/4,1
block-06,block,16,8,complete,unresolved,1/4,-3/4,1/1,1
block-06,block,32,8,complete,unresolved,1/4,-5/4,3/2,1
block-06,block,64,8,complete,unresolved,1/4,-3/2,7/4,1
block-07,block,0,8,complete,supported,1/2,1/2,1/2,not_possible_in_family
block-07,block,1,8,complete,supported,1/2,1/2,1/2,not_possible_in_family
block-07,block,2,8,complete,supported,1/2,1/4,3/4,not_possible_in_family
block-07,block,4,8,complete,unresolved,1/2,0/1,3/4,2
block-07,block,8,8,complete,unresolved,1/2,-1/4,5/4,2
block-07,block,16,8,complete,unresolved,1/2,-3/2,7/4,2
block-07,block,32,8,complete,unresolved,1/2,-3/2,9/4,2
block-07,block,64,8,complete,unresolved,1/2,-3/2,9/4,2
all-64,primary,0,64,complete,supported,37/64,37/64,37/64,not_possible_in_family
all-64,primary,1,64,complete,supported,37/64,31/64,43/64,not_possible_in_family
all-64,primary,2,64,complete,supported,37/64,29/64,47/64,not_possible_in_family
all-64,primary,4,64,complete,supported,37/64,21/64,55/64,not_possible_in_family
all-64,primary,8,64,complete,unresolved,37/64,-7/64,75/64,19
all-64,primary,16,64,complete,unresolved,37/64,-39/64,109/64,19
all-64,primary,32,64,complete,unresolved,37/64,-65/64,137/64,19
all-64,primary,64,64,complete,unresolved,37/64,-71/64,145/64,19
